Measurement_Date,Country,City,District,Latitude,Longitude,PM10,PM2.5,AQI_(PM2.5),AQI_Risk_Level
7/15/2020,Republic of Korea,Seoul,Jongno-gu,37.572025,127.005028,15,40,112,Unhealthy for Sensitive Groups
7/16/2020,Republic of Korea,Seoul,Jongno-gu,37.572025,127.005028,24,75,161,Unhealthy
7/17/2020,Republic of Korea,Seoul,Jongno-gu,37.572025,127.005028,24,77,162,Unhealthy
7/18/2020,Republic of Korea,Seoul,Jongno-gu,37.572025,127.005028,26,84,166,Unhealthy
7/19/2020,Republic of Korea,Seoul,Jongno-gu,37.572025,127.005028,27,81,164,Unhealthy
7/20/2020,Republic of Korea,Seoul,Jongno-gu,37.572025,127.005028,49,125,187,Unhealthy
7/21/2020,Republic of Korea,Seoul,Jongno-gu,37.572025,127.005028,64,159,209,Very Unhealthy
7/22/2020,Republic of Korea,Seoul,Jongno-gu,37.572025,127.005028,57,151,201,Very Unhealthy
7/23/2020,Republic of Korea,Seoul,Jongno-gu,37.572025,127.005028,32,101,174,Unhealthy
7/24/2020,Republic of Korea,Seoul,Jongno-gu,37.572025,127.005028,30,93,170,Unhealthy
7/15/2020,Republic of Korea,Seoul,Jung-gu,37.564639,126.975961,15,40,112,Unhealthy for Sensitive Groups
7/16/2020,Republic of Korea,Seoul,Jung-gu,37.564639,126.975961,24,75,161,Unhealthy
7/17/2020,Republic of Korea,Seoul,Jung-gu,37.564639,126.975961,24,77,162,Unhealthy
7/18/2020,Republic of Korea,Seoul,Jung-gu,37.564639,126.975961,26,84,166,Unhealthy
7/19/2020,Republic of Korea,Seoul,Jung-gu,37.564639,126.975961,27,81,164,Unhealthy
7/20/2020,Republic of Korea,Seoul,Jung-gu,37.564639,126.975961,49,125,187,Unhealthy
7/21/2020,Republic of Korea,Seoul,Jung-gu,37.564639,126.975961,64,159,209,Very Unhealthy
7/22/2020,Republic of Korea,Seoul,Jung-gu,37.564639,126.975961,57,151,201,Very Unhealthy
7/23/2020,Republic of Korea,Seoul,Jung-gu,37.564639,126.975961,32,101,174,Unhealthy
7/24/2020,Republic of Korea,Seoul,Jung-gu,37.564639,126.975961,30,93,170,Unhealthy
7/16/2020,Republic of Korea,Seoul,Yongsan-gu,37.540314,127.005083,23,72,160,Unhealthy
7/17/2020,Republic of Korea,Seoul,Yongsan-gu,37.540314,127.005083,24,76,162,Unhealthy
7/18/2020,Republic of Korea,Seoul,Yongsan-gu,37.540314,127.005083,26,84,166,Unhealthy
7/19/2020,Republic of Korea,Seoul,Yongsan-gu,37.540314,127.005083,27,82,165,Unhealthy
7/20/2020,Republic of Korea,Seoul,Yongsan-gu,37.540314,127.005083,49,128,188,Unhealthy
7/21/2020,Republic of Korea,Seoul,Yongsan-gu,37.540314,127.005083,65,164,214,Very Unhealthy
7/22/2020,Republic of Korea,Seoul,Yongsan-gu,37.540314,127.005083,66,163,213,Very Unhealthy
7/23/2020,Republic of Korea,Seoul,Yongsan-gu,37.540314,127.005083,32,101,174,Unhealthy
7/24/2020,Republic of Korea,Seoul,Yongsan-gu,37.540314,127.005083,30,93,170,Unhealthy
7/16/2020,Republic of Korea,Seoul,Eunpyeong-gu,37.610583,126.933144,23,75,161,Unhealthy
7/17/2020,Republic of Korea,Seoul,Eunpyeong-gu,37.610583,126.933144,24,76,162,Unhealthy
7/18/2020,Republic of Korea,Seoul,Eunpyeong-gu,37.610583,126.933144,26,84,166,Unhealthy
7/19/2020,Republic of Korea,Seoul,Eunpyeong-gu,37.610583,126.933144,27,81,164,Unhealthy
7/20/2020,Republic of Korea,Seoul,Eunpyeong-gu,37.610583,126.933144,49,125,187,Unhealthy
7/21/2020,Republic of Korea,Seoul,Eunpyeong-gu,37.610583,126.933144,65,158,208,Very Unhealthy
7/22/2020,Republic of Korea,Seoul,Eunpyeong-gu,37.610583,126.933144,58,154,204,Very Unhealthy
7/23/2020,Republic of Korea,Seoul,Eunpyeong-gu,37.610583,126.933144,33,104,176,Unhealthy
7/24/2020,Republic of Korea,Seoul,Eunpyeong-gu,37.610583,126.933144,30,95,171,Unhealthy
7/15/2020,Republic of Korea,Seoul,Seodaemun-gu,37.576578,126.937972,15,40,112,Unhealthy for Sensitive Groups
7/16/2020,Republic of Korea,Seoul,Seodaemun-gu,37.576578,126.937972,24,75,161,Unhealthy
7/17/2020,Republic of Korea,Seoul,Seodaemun-gu,37.576578,126.937972,24,77,162,Unhealthy
7/18/2020,Republic of Korea,Seoul,Seodaemun-gu,37.576578,126.937972,26,84,166,Unhealthy
7/19/2020,Republic of Korea,Seoul,Seodaemun-gu,37.576578,126.937972,27,81,164,Unhealthy
7/20/2020,Republic of Korea,Seoul,Seodaemun-gu,37.576578,126.937972,49,125,187,Unhealthy
7/21/2020,Republic of Korea,Seoul,Seodaemun-gu,37.576578,126.937972,64,159,209,Very Unhealthy
7/22/2020,Republic of Korea,Seoul,Seodaemun-gu,37.576578,126.937972,57,151,201,Very Unhealthy
7/23/2020,Republic of Korea,Seoul,Seodaemun-gu,37.576578,126.937972,32,101,174,Unhealthy
7/24/2020,Republic of Korea,Seoul,Seodaemun-gu,37.576578,126.937972,30,93,170,Unhealthy
7/16/2020,Republic of Korea,Seoul,Mapo-gu,37.525,126.897403,22,71,159,Unhealthy
7/17/2020,Republic of Korea,Seoul,Mapo-gu,37.525,126.897403,25,75,161,Unhealthy
7/18/2020,Republic of Korea,Seoul,Mapo-gu,37.525,126.897403,25,84,166,Unhealthy
7/19/2020,Republic of Korea,Seoul,Mapo-gu,37.525,126.897403,27,82,165,Unhealthy
7/20/2020,Republic of Korea,Seoul,Mapo-gu,37.525,126.897403,49,128,188,Unhealthy
7/21/2020,Republic of Korea,Seoul,Mapo-gu,37.525,126.897403,65,164,214,Very Unhealthy
7/22/2020,Republic of Korea,Seoul,Mapo-gu,37.525,126.897403,70,169,219,Very Unhealthy
7/23/2020,Republic of Korea,Seoul,Mapo-gu,37.525,126.897403,33,104,176,Unhealthy
7/24/2020,Republic of Korea,Seoul,Mapo-gu,37.525,126.897403,30,95,171,Unhealthy
7/16/2020,Republic of Korea,Seoul,Seongdong-gu,37.543106,127.041278,23,72,160,Unhealthy
7/17/2020,Republic of Korea,Seoul,Seongdong-gu,37.543106,127.041278,24,76,162,Unhealthy
7/18/2020,Republic of Korea,Seoul,Seongdong-gu,37.543106,127.041278,26,84,166,Unhealthy
7/19/2020,Republic of Korea,Seoul,Seongdong-gu,37.543106,127.041278,27,82,165,Unhealthy
7/20/2020,Republic of Korea,Seoul,Seongdong-gu,37.543106,127.041278,49,128,188,Unhealthy
7/21/2020,Republic of Korea,Seoul,Seongdong-gu,37.543106,127.041278,65,164,214,Very Unhealthy
7/22/2020,Republic of Korea,Seoul,Seongdong-gu,37.543106,127.041278,66,163,213,Very Unhealthy
7/23/2020,Republic of Korea,Seoul,Seongdong-gu,37.543106,127.041278,32,101,174,Unhealthy
7/24/2020,Republic of Korea,Seoul,Seongdong-gu,37.543106,127.041278,30,93,170,Unhealthy
7/16/2020,Republic of Korea,Seoul,Gwangjin-gu,37.544639,127.095706,23,75,161,Unhealthy
7/17/2020,Republic of Korea,Seoul,Gwangjin-gu,37.544639,127.095706,23,77,162,Unhealthy
7/18/2020,Republic of Korea,Seoul,Gwangjin-gu,37.544639,127.095706,26,82,165,Unhealthy
7/19/2020,Republic of Korea,Seoul,Gwangjin-gu,37.544639,127.095706,27,82,165,Unhealthy
7/20/2020,Republic of Korea,Seoul,Gwangjin-gu,37.544639,127.095706,49,128,188,Unhealthy
7/21/2020,Republic of Korea,Seoul,Gwangjin-gu,37.544639,127.095706,64,163,213,Very Unhealthy
7/22/2020,Republic of Korea,Seoul,Gwangjin-gu,37.544639,127.095706,59,154,204,Very Unhealthy
7/23/2020,Republic of Korea,Seoul,Gwangjin-gu,37.544639,127.095706,30,95,171,Unhealthy
7/24/2020,Republic of Korea,Seoul,Gwangjin-gu,37.544639,127.095706,28,90,169,Unhealthy
7/15/2020,Republic of Korea,Seoul,Dongdaemun-gu,37.576169,127.029642,15,40,112,Unhealthy for Sensitive Groups
7/16/2020,Republic of Korea,Seoul,Dongdaemun-gu,37.576169,127.029642,24,75,161,Unhealthy
7/17/2020,Republic of Korea,Seoul,Dongdaemun-gu,37.576169,127.029642,24,77,162,Unhealthy
7/18/2020,Republic of Korea,Seoul,Dongdaemun-gu,37.576169,127.029642,26,84,166,Unhealthy
7/19/2020,Republic of Korea,Seoul,Dongdaemun-gu,37.576169,127.029642,27,81,164,Unhealthy
7/20/2020,Republic of Korea,Seoul,Dongdaemun-gu,37.576169,127.029642,49,125,187,Unhealthy
7/21/2020,Republic of Korea,Seoul,Dongdaemun-gu,37.576169,127.029642,64,159,209,Very Unhealthy
7/22/2020,Republic of Korea,Seoul,Dongdaemun-gu,37.576169,127.029642,57,151,201,Very Unhealthy
7/23/2020,Republic of Korea,Seoul,Dongdaemun-gu,37.576169,127.029642,32,101,174,Unhealthy
7/24/2020,Republic of Korea,Seoul,Dongdaemun-gu,37.576169,127.029642,30,93,170,Unhealthy
7/16/2020,Republic of Korea,Seoul,Jungnang-gu,37.584953,127.094283,24,77,162,Unhealthy
7/17/2020,Republic of Korea,Seoul,Jungnang-gu,37.584953,127.094283,24,77,162,Unhealthy
7/18/2020,Republic of Korea,Seoul,Jungnang-gu,37.584953,127.094283,26,82,165,Unhealthy
7/19/2020,Republic of Korea,Seoul,Jungnang-gu,37.584953,127.094283,26,81,164,Unhealthy
7/20/2020,Republic of Korea,Seoul,Jungnang-gu,37.584953,127.094283,49,126,187,Unhealthy
7/21/2020,Republic of Korea,Seoul,Jungnang-gu,37.584953,127.094283,63,159,209,Very Unhealthy
7/22/2020,Republic of Korea,Seoul,Jungnang-gu,37.584953,127.094283,54,145,197,Unhealthy
7/23/2020,Republic of Korea,Seoul,Jungnang-gu,37.584953,127.094283,30,93,170,Unhealthy
7/24/2020,Republic of Korea,Seoul,Jungnang-gu,37.584953,127.094283,28,90,169,Unhealthy
7/15/2020,Republic of Korea,Seoul,Seongbuk-gu,37.606667,127.027264,15,40,112,Unhealthy for Sensitive Groups
7/16/2020,Republic of Korea,Seoul,Seongbuk-gu,37.606667,127.027264,24,75,161,Unhealthy
7/17/2020,Republic of Korea,Seoul,Seongbuk-gu,37.606667,127.027264,24,77,162,Unhealthy
7/18/2020,Republic of Korea,Seoul,Seongbuk-gu,37.606667,127.027264,26,84,166,Unhealthy
7/19/2020,Republic of Korea,Seoul,Seongbuk-gu,37.606667,127.027264,27,81,164,Unhealthy
7/20/2020,Republic of Korea,Seoul,Seongbuk-gu,37.606667,127.027264,49,125,187,Unhealthy
7/21/2020,Republic of Korea,Seoul,Seongbuk-gu,37.606667,127.027264,64,159,209,Very Unhealthy
7/22/2020,Republic of Korea,Seoul,Seongbuk-gu,37.606667,127.027264,57,151,201,Very Unhealthy
7/23/2020,Republic of Korea,Seoul,Seongbuk-gu,37.606667,127.027264,32,101,174,Unhealthy
7/24/2020,Republic of Korea,Seoul,Seongbuk-gu,37.606667,127.027264,30,93,170,Unhealthy
7/15/2020,Republic of Korea,Seoul,Gangbuk-gu,37.654278,127.029333,15,40,112,Unhealthy for Sensitive Groups
7/16/2020,Republic of Korea,Seoul,Gangbuk-gu,37.654278,127.029333,24,75,161,Unhealthy
7/17/2020,Republic of Korea,Seoul,Gangbuk-gu,37.654278,127.029333,24,77,162,Unhealthy
7/18/2020,Republic of Korea,Seoul,Gangbuk-gu,37.654278,127.029333,26,84,166,Unhealthy
7/19/2020,Republic of Korea,Seoul,Gangbuk-gu,37.654278,127.029333,27,81,164,Unhealthy
7/20/2020,Republic of Korea,Seoul,Gangbuk-gu,37.654278,127.029333,49,125,187,Unhealthy
7/21/2020,Republic of Korea,Seoul,Gangbuk-gu,37.654278,127.029333,64,159,209,Very Unhealthy
7/22/2020,Republic of Korea,Seoul,Gangbuk-gu,37.654278,127.029333,57,151,201,Very Unhealthy
7/23/2020,Republic of Korea,Seoul,Gangbuk-gu,37.654278,127.029333,32,101,174,Unhealthy
7/24/2020,Republic of Korea,Seoul,Gangbuk-gu,37.654278,127.029333,30,93,170,Unhealthy
7/15/2020,Republic of Korea,Seoul,Dobong-gu,37.654278,127.029333,15,40,112,Unhealthy for Sensitive Groups
7/16/2020,Republic of Korea,Seoul,Dobong-gu,37.654278,127.029333,24,75,161,Unhealthy
7/17/2020,Republic of Korea,Seoul,Dobong-gu,37.654278,127.029333,24,77,162,Unhealthy
7/18/2020,Republic of Korea,Seoul,Dobong-gu,37.654278,127.029333,26,84,166,Unhealthy
7/19/2020,Republic of Korea,Seoul,Dobong-gu,37.654278,127.029333,27,81,164,Unhealthy
7/20/2020,Republic of Korea,Seoul,Dobong-gu,37.654278,127.029333,49,125,187,Unhealthy
7/21/2020,Republic of Korea,Seoul,Dobong-gu,37.654278,127.029333,64,159,209,Very Unhealthy
7/22/2020,Republic of Korea,Seoul,Dobong-gu,37.654278,127.029333,57,151,201,Very Unhealthy
7/23/2020,Republic of Korea,Seoul,Dobong-gu,37.654278,127.029333,32,101,174,Unhealthy
7/24/2020,Republic of Korea,Seoul,Dobong-gu,37.654278,127.029333,30,93,170,Unhealthy
7/16/2020,Republic of Korea,Seoul,Nowon-gu,37.65885,127.06845,24,77,162,Unhealthy
7/17/2020,Republic of Korea,Seoul,Nowon-gu,37.65885,127.06845,24,77,162,Unhealthy
7/18/2020,Republic of Korea,Seoul,Nowon-gu,37.65885,127.06845,26,82,165,Unhealthy
7/19/2020,Republic of Korea,Seoul,Nowon-gu,37.65885,127.06845,26,81,164,Unhealthy
7/20/2020,Republic of Korea,Seoul,Nowon-gu,37.65885,127.06845,49,126,187,Unhealthy
7/21/2020,Republic of Korea,Seoul,Nowon-gu,37.65885,127.06845,63,159,209,Very Unhealthy
7/22/2020,Republic of Korea,Seoul,Nowon-gu,37.65885,127.06845,54,145,197,Unhealthy
7/23/2020,Republic of Korea,Seoul,Nowon-gu,37.65885,127.06845,30,93,170,Unhealthy
7/24/2020,Republic of Korea,Seoul,Nowon-gu,37.65885,127.06845,28,90,169,Unhealthy
7/16/2020,Republic of Korea,Seoul,Yangcheon-gu,37.523286,126.858689,22,71,159,Unhealthy
7/17/2020,Republic of Korea,Seoul,Yangcheon-gu,37.523286,126.858689,25,75,161,Unhealthy
7/18/2020,Republic of Korea,Seoul,Yangcheon-gu,37.523286,126.858689,25,84,166,Unhealthy
7/19/2020,Republic of Korea,Seoul,Yangcheon-gu,37.523286,126.858689,27,82,165,Unhealthy
7/20/2020,Republic of Korea,Seoul,Yangcheon-gu,37.523286,126.858689,49,128,188,Unhealthy
7/21/2020,Republic of Korea,Seoul,Yangcheon-gu,37.523286,126.858689,65,164,214,Very Unhealthy
7/22/2020,Republic of Korea,Seoul,Yangcheon-gu,37.523286,126.858689,70,169,219,Very Unhealthy
7/23/2020,Republic of Korea,Seoul,Yangcheon-gu,37.523286,126.858689,33,104,176,Unhealthy
7/24/2020,Republic of Korea,Seoul,Yangcheon-gu,37.523286,126.858689,30,95,171,Unhealthy
7/16/2020,Republic of Korea,Seoul,Gangseo-gu,37.544656,126.835094,22,71,159,Unhealthy
7/17/2020,Republic of Korea,Seoul,Gangseo-gu,37.544656,126.835094,25,75,161,Unhealthy
7/18/2020,Republic of Korea,Seoul,Gangseo-gu,37.544656,126.835094,25,84,166,Unhealthy
7/19/2020,Republic of Korea,Seoul,Gangseo-gu,37.544656,126.835094,27,82,165,Unhealthy
7/20/2020,Republic of Korea,Seoul,Gangseo-gu,37.544656,126.835094,49,128,188,Unhealthy
7/21/2020,Republic of Korea,Seoul,Gangseo-gu,37.544656,126.835094,65,164,214,Very Unhealthy
7/22/2020,Republic of Korea,Seoul,Gangseo-gu,37.544656,126.835094,70,169,219,Very Unhealthy
7/23/2020,Republic of Korea,Seoul,Gangseo-gu,37.544656,126.835094,33,104,176,Unhealthy
7/24/2020,Republic of Korea,Seoul,Gangseo-gu,37.544656,126.835094,30,95,171,Unhealthy
7/16/2020,Republic of Korea,Seoul,Guro-gu,37.480178,126.892606,22,71,159,Unhealthy
7/17/2020,Republic of Korea,Seoul,Guro-gu,37.480178,126.892606,25,75,161,Unhealthy
7/18/2020,Republic of Korea,Seoul,Guro-gu,37.480178,126.892606,25,84,166,Unhealthy
7/19/2020,Republic of Korea,Seoul,Guro-gu,37.480178,126.892606,27,82,165,Unhealthy
7/20/2020,Republic of Korea,Seoul,Guro-gu,37.480178,126.892606,49,128,188,Unhealthy
7/21/2020,Republic of Korea,Seoul,Guro-gu,37.480178,126.892606,65,164,214,Very Unhealthy
7/22/2020,Republic of Korea,Seoul,Guro-gu,37.480178,126.892606,70,169,219,Very Unhealthy
7/23/2020,Republic of Korea,Seoul,Guro-gu,37.480178,126.892606,33,104,176,Unhealthy
7/24/2020,Republic of Korea,Seoul,Guro-gu,37.480178,126.892606,30,95,171,Unhealthy
7/16/2020,Republic of Korea,Seoul,Geumcheon-gu,37.452386,126.908333,22,71,159,Unhealthy
7/17/2020,Republic of Korea,Seoul,Geumcheon-gu,37.452386,126.908333,25,75,161,Unhealthy
7/18/2020,Republic of Korea,Seoul,Geumcheon-gu,37.452386,126.908333,25,84,166,Unhealthy
7/19/2020,Republic of Korea,Seoul,Geumcheon-gu,37.452386,126.908333,27,82,165,Unhealthy
7/20/2020,Republic of Korea,Seoul,Geumcheon-gu,37.452386,126.908333,49,128,188,Unhealthy
7/21/2020,Republic of Korea,Seoul,Geumcheon-gu,37.452386,126.908333,65,164,214,Very Unhealthy
7/22/2020,Republic of Korea,Seoul,Geumcheon-gu,37.452386,126.908333,70,169,219,Very Unhealthy
7/23/2020,Republic of Korea,Seoul,Geumcheon-gu,37.452386,126.908333,33,104,176,Unhealthy
7/24/2020,Republic of Korea,Seoul,Geumcheon-gu,37.452386,126.908333,30,95,171,Unhealthy
7/16/2020,Republic of Korea,Seoul,Yeongdeungpo-gu,37.525,126.897403,22,71,159,Unhealthy
7/17/2020,Republic of Korea,Seoul,Yeongdeungpo-gu,37.525,126.897403,25,75,161,Unhealthy
7/18/2020,Republic of Korea,Seoul,Yeongdeungpo-gu,37.525,126.897403,25,84,166,Unhealthy
7/19/2020,Republic of Korea,Seoul,Yeongdeungpo-gu,37.525,126.897403,27,82,165,Unhealthy
7/20/2020,Republic of Korea,Seoul,Yeongdeungpo-gu,37.525,126.897403,49,128,188,Unhealthy
7/21/2020,Republic of Korea,Seoul,Yeongdeungpo-gu,37.525,126.897403,65,164,214,Very Unhealthy
7/22/2020,Republic of Korea,Seoul,Yeongdeungpo-gu,37.525,126.897403,70,169,219,Very Unhealthy
7/23/2020,Republic of Korea,Seoul,Yeongdeungpo-gu,37.525,126.897403,33,104,176,Unhealthy
7/24/2020,Republic of Korea,Seoul,Yeongdeungpo-gu,37.525,126.897403,30,95,171,Unhealthy
7/16/2020,Republic of Korea,Seoul,Dongjak-gu,37.480989,126.971547,23,72,160,Unhealthy
7/17/2020,Republic of Korea,Seoul,Dongjak-gu,37.480989,126.971547,24,76,162,Unhealthy
7/18/2020,Republic of Korea,Seoul,Dongjak-gu,37.480989,126.971547,26,84,166,Unhealthy
7/19/2020,Republic of Korea,Seoul,Dongjak-gu,37.480989,126.971547,27,82,165,Unhealthy
7/20/2020,Republic of Korea,Seoul,Dongjak-gu,37.480989,126.971547,49,128,188,Unhealthy
7/21/2020,Republic of Korea,Seoul,Dongjak-gu,37.480989,126.971547,65,164,214,Very Unhealthy
7/22/2020,Republic of Korea,Seoul,Dongjak-gu,37.480989,126.971547,66,163,213,Very Unhealthy
7/23/2020,Republic of Korea,Seoul,Dongjak-gu,37.480989,126.971547,32,101,174,Unhealthy
7/24/2020,Republic of Korea,Seoul,Dongjak-gu,37.480989,126.971547,30,93,170,Unhealthy
7/16/2020,Republic of Korea,Seoul,Gwanak-gu,37.488242,126.927089,22,71,159,Unhealthy
7/17/2020,Republic of Korea,Seoul,Gwanak-gu,37.488242,126.927089,25,75,161,Unhealthy
7/18/2020,Republic of Korea,Seoul,Gwanak-gu,37.488242,126.927089,25,84,166,Unhealthy
7/19/2020,Republic of Korea,Seoul,Gwanak-gu,37.488242,126.927089,27,82,165,Unhealthy
7/20/2020,Republic of Korea,Seoul,Gwanak-gu,37.488242,126.927089,49,128,188,Unhealthy
7/21/2020,Republic of Korea,Seoul,Gwanak-gu,37.488242,126.927089,65,164,214,Very Unhealthy
7/22/2020,Republic of Korea,Seoul,Gwanak-gu,37.488242,126.927089,70,169,219,Very Unhealthy
7/23/2020,Republic of Korea,Seoul,Gwanak-gu,37.488242,126.927089,33,104,176,Unhealthy
7/24/2020,Republic of Korea,Seoul,Gwanak-gu,37.488242,126.927089,30,95,171,Unhealthy
7/16/2020,Republic of Korea,Seoul,Seocho-gu,37.504547,126.994611,23,72,160,Unhealthy
7/17/2020,Republic of Korea,Seoul,Seocho-gu,37.504547,126.994611,24,76,162,Unhealthy
7/18/2020,Republic of Korea,Seoul,Seocho-gu,37.504547,126.994611,26,84,166,Unhealthy
7/19/2020,Republic of Korea,Seoul,Seocho-gu,37.504547,126.994611,27,82,165,Unhealthy
7/20/2020,Republic of Korea,Seoul,Seocho-gu,37.504547,126.994611,49,128,188,Unhealthy
7/21/2020,Republic of Korea,Seoul,Seocho-gu,37.504547,126.994611,65,164,214,Very Unhealthy
7/22/2020,Republic of Korea,Seoul,Seocho-gu,37.504547,126.994611,66,163,213,Very Unhealthy
7/23/2020,Republic of Korea,Seoul,Seocho-gu,37.504547,126.994611,32,101,174,Unhealthy
7/24/2020,Republic of Korea,Seoul,Seocho-gu,37.504547,126.994611,30,93,170,Unhealthy
7/16/2020,Republic of Korea,Seoul,Gangnam-gu,37.496978,127.056558,23,72,160,Unhealthy
7/17/2020,Republic of Korea,Seoul,Gangnam-gu,37.496978,127.056558,24,76,162,Unhealthy
7/18/2020,Republic of Korea,Seoul,Gangnam-gu,37.496978,127.056558,26,84,166,Unhealthy
7/19/2020,Republic of Korea,Seoul,Gangnam-gu,37.496978,127.056558,27,82,165,Unhealthy
7/20/2020,Republic of Korea,Seoul,Gangnam-gu,37.496978,127.056558,49,128,188,Unhealthy
7/21/2020,Republic of Korea,Seoul,Gangnam-gu,37.496978,127.056558,65,164,214,Very Unhealthy
7/22/2020,Republic of Korea,Seoul,Gangnam-gu,37.496978,127.056558,66,163,213,Very Unhealthy
7/23/2020,Republic of Korea,Seoul,Gangnam-gu,37.496978,127.056558,32,101,174,Unhealthy
7/24/2020,Republic of Korea,Seoul,Gangnam-gu,37.496978,127.056558,30,93,170,Unhealthy
7/16/2020,Republic of Korea,Seoul,Songpa-gu,37.496978,127.056558,23,72,160,Unhealthy
7/17/2020,Republic of Korea,Seoul,Songpa-gu,37.496978,127.056558,24,76,162,Unhealthy
7/18/2020,Republic of Korea,Seoul,Songpa-gu,37.496978,127.056558,26,84,166,Unhealthy
7/19/2020,Republic of Korea,Seoul,Songpa-gu,37.496978,127.056558,27,82,165,Unhealthy
7/20/2020,Republic of Korea,Seoul,Songpa-gu,37.496978,127.056558,49,128,188,Unhealthy
7/21/2020,Republic of Korea,Seoul,Songpa-gu,37.496978,127.056558,65,164,214,Very Unhealthy
7/22/2020,Republic of Korea,Seoul,Songpa-gu,37.496978,127.056558,66,163,213,Very Unhealthy
7/23/2020,Republic of Korea,Seoul,Songpa-gu,37.496978,127.056558,32,101,174,Unhealthy
7/24/2020,Republic of Korea,Seoul,Songpa-gu,37.496978,127.056558,30,93,170,Unhealthy
7/16/2020,Republic of Korea,Seoul,Gangdong-gu,37.545089,127.136806,23,75,161,Unhealthy
7/17/2020,Republic of Korea,Seoul,Gangdong-gu,37.545089,127.136806,23,77,162,Unhealthy
7/18/2020,Republic of Korea,Seoul,Gangdong-gu,37.545089,127.136806,26,82,165,Unhealthy
7/19/2020,Republic of Korea,Seoul,Gangdong-gu,37.545089,127.136806,27,82,165,Unhealthy
7/20/2020,Republic of Korea,Seoul,Gangdong-gu,37.545089,127.136806,49,128,188,Unhealthy
7/21/2020,Republic of Korea,Seoul,Gangdong-gu,37.545089,127.136806,64,163,213,Very Unhealthy
7/22/2020,Republic of Korea,Seoul,Gangdong-gu,37.545089,127.136806,59,154,204,Very Unhealthy
7/23/2020,Republic of Korea,Seoul,Gangdong-gu,37.545089,127.136806,30,95,171,Unhealthy
7/24/2020,Republic of Korea,Seoul,Gangdong-gu,37.545089,127.136806,28,90,169,Unhealthy
