Measurement_Date,Country,City,District,PM2.5,AQI_(PM2.5),AQI_Risk_Level
1/2017,Republic of Korea,Seoul,Jung-gu,34,97,Moderate
2/2017,Republic of Korea,Seoul,Jung-gu,29,87,Moderate
3/2017,Republic of Korea,Seoul,Jung-gu,38,107,Unhealthy for Sensitive Groups
4/2017,Republic of Korea,Seoul,Jung-gu,26,80,Moderate
5/2017,Republic of Korea,Seoul,Jung-gu,22,72,Moderate
6/2017,Republic of Korea,Seoul,Jung-gu,21,70,Moderate
7/2017,Republic of Korea,Seoul,Jung-gu,22,72,Moderate
8/2017,Republic of Korea,Seoul,Jung-gu,13,53,Moderate
9/2017,Republic of Korea,Seoul,Jung-gu,19,66,Moderate
10/2017,Republic of Korea,Seoul,Jung-gu,16,59,Moderate
11/2017,Republic of Korea,Seoul,Jung-gu,23,74,Moderate
12/2017,Republic of Korea,Seoul,Jung-gu,31,91,Moderate
1/2018,Republic of Korea,Seoul,Jung-gu,30,89,Moderate
2/2018,Republic of Korea,Seoul,Jung-gu,28,84,Moderate
3/2018,Republic of Korea,Seoul,Jung-gu,30,89,Moderate
4/2018,Republic of Korea,Seoul,Jung-gu,22,72,Moderate
5/2018,Republic of Korea,Seoul,Jung-gu,21,70,Moderate
6/2018,Republic of Korea,Seoul,Jung-gu,22,72,Moderate
7/2018,Republic of Korea,Seoul,Jung-gu,16,59,Moderate
8/2018,Republic of Korea,Seoul,Jung-gu,14,55,Moderate
9/2018,Republic of Korea,Seoul,Jung-gu,9,38,Good
10/2018,Republic of Korea,Seoul,Jung-gu,14,55,Moderate
11/2018,Republic of Korea,Seoul,Jung-gu,28,84,Moderate
12/2018,Republic of Korea,Seoul,Jung-gu,25,78,Moderate
1/2019,Republic of Korea,Seoul,Jung-gu,33,95,Moderate
2/2019,Republic of Korea,Seoul,Jung-gu,32,93,Moderate
3/2019,Republic of Korea,Seoul,Jung-gu,39,110,Unhealthy for Sensitive Groups
4/2019,Republic of Korea,Seoul,Jung-gu,17,61,Moderate
5/2019,Republic of Korea,Seoul,Jung-gu,23,74,Moderate
6/2019,Republic of Korea,Seoul,Jung-gu,16,59,Moderate
7/2019,Republic of Korea,Seoul,Jung-gu,18,63,Moderate
8/2019,Republic of Korea,Seoul,Jung-gu,16,59,Moderate
9/2019,Republic of Korea,Seoul,Jung-gu,12,50,Good
10/2019,Republic of Korea,Seoul,Jung-gu,15,57,Moderate
11/2019,Republic of Korea,Seoul,Jung-gu,20,68,Moderate
1/2017,Republic of Korea,Seoul,Jongno-gu,34,97,Moderate
2/2017,Republic of Korea,Seoul,Jongno-gu,29,87,Moderate
3/2017,Republic of Korea,Seoul,Jongno-gu,40,112,Unhealthy for Sensitive Groups
4/2017,Republic of Korea,Seoul,Jongno-gu,26,80,Moderate
5/2017,Republic of Korea,Seoul,Jongno-gu,23,74,Moderate
6/2017,Republic of Korea,Seoul,Jongno-gu,21,70,Moderate
7/2017,Republic of Korea,Seoul,Jongno-gu,21,70,Moderate
8/2017,Republic of Korea,Seoul,Jongno-gu,11,46,Good
9/2017,Republic of Korea,Seoul,Jongno-gu,18,63,Moderate
10/2017,Republic of Korea,Seoul,Jongno-gu,16,59,Moderate
11/2017,Republic of Korea,Seoul,Jongno-gu,23,74,Moderate
12/2017,Republic of Korea,Seoul,Jongno-gu,31,91,Moderate
1/2018,Republic of Korea,Seoul,Jongno-gu,29,87,Moderate
2/2018,Republic of Korea,Seoul,Jongno-gu,27,82,Moderate
3/2018,Republic of Korea,Seoul,Jongno-gu,30,89,Moderate
4/2018,Republic of Korea,Seoul,Jongno-gu,22,72,Moderate
5/2018,Republic of Korea,Seoul,Jongno-gu,19,66,Moderate
6/2018,Republic of Korea,Seoul,Jongno-gu,20,68,Moderate
7/2018,Republic of Korea,Seoul,Jongno-gu,17,61,Moderate
8/2018,Republic of Korea,Seoul,Jongno-gu,13,53,Moderate
9/2018,Republic of Korea,Seoul,Jongno-gu,9,38,Good
10/2018,Republic of Korea,Seoul,Jongno-gu,14,55,Moderate
11/2018,Republic of Korea,Seoul,Jongno-gu,25,78,Moderate
12/2018,Republic of Korea,Seoul,Jongno-gu,23,74,Moderate
1/2019,Republic of Korea,Seoul,Jongno-gu,33,95,Moderate
2/2019,Republic of Korea,Seoul,Jongno-gu,31,91,Moderate
3/2019,Republic of Korea,Seoul,Jongno-gu,39,110,Unhealthy for Sensitive Groups
4/2019,Republic of Korea,Seoul,Jongno-gu,17,61,Moderate
5/2019,Republic of Korea,Seoul,Jongno-gu,23,74,Moderate
6/2019,Republic of Korea,Seoul,Jongno-gu,15,57,Moderate
7/2019,Republic of Korea,Seoul,Jongno-gu,17,61,Moderate
8/2019,Republic of Korea,Seoul,Jongno-gu,17,61,Moderate
9/2019,Republic of Korea,Seoul,Jongno-gu,13,53,Moderate
10/2019,Republic of Korea,Seoul,Jongno-gu,16,59,Moderate
11/2019,Republic of Korea,Seoul,Jongno-gu,20,68,Moderate
1/2017,Republic of Korea,Seoul,Jungnang-gu,35,99,Moderate
2/2017,Republic of Korea,Seoul,Jungnang-gu,30,89,Moderate
3/2017,Republic of Korea,Seoul,Jungnang-gu,38,107,Unhealthy for Sensitive Groups
4/2017,Republic of Korea,Seoul,Jungnang-gu,26,80,Moderate
5/2017,Republic of Korea,Seoul,Jungnang-gu,27,82,Moderate
6/2017,Republic of Korea,Seoul,Jungnang-gu,26,80,Moderate
7/2017,Republic of Korea,Seoul,Jungnang-gu,23,74,Moderate
8/2017,Republic of Korea,Seoul,Jungnang-gu,11,46,Good
9/2017,Republic of Korea,Seoul,Jungnang-gu,16,59,Moderate
10/2017,Republic of Korea,Seoul,Jungnang-gu,13,53,Moderate
11/2017,Republic of Korea,Seoul,Jungnang-gu,19,66,Moderate
12/2017,Republic of Korea,Seoul,Jungnang-gu,30,89,Moderate
1/2018,Republic of Korea,Seoul,Jungnang-gu,33,95,Moderate
2/2018,Republic of Korea,Seoul,Jungnang-gu,28,84,Moderate
3/2018,Republic of Korea,Seoul,Jungnang-gu,32,93,Moderate
4/2018,Republic of Korea,Seoul,Jungnang-gu,22,72,Moderate
5/2018,Republic of Korea,Seoul,Jungnang-gu,20,68,Moderate
6/2018,Republic of Korea,Seoul,Jungnang-gu,21,70,Moderate
7/2018,Republic of Korea,Seoul,Jungnang-gu,15,57,Moderate
8/2018,Republic of Korea,Seoul,Jungnang-gu,13,53,Moderate
9/2018,Republic of Korea,Seoul,Jungnang-gu,7,29,Good
10/2018,Republic of Korea,Seoul,Jungnang-gu,12,50,Good
11/2018,Republic of Korea,Seoul,Jungnang-gu,24,76,Moderate
12/2018,Republic of Korea,Seoul,Jungnang-gu,22,72,Moderate
1/2019,Republic of Korea,Seoul,Jungnang-gu,36,102,Unhealthy for Sensitive Groups
2/2019,Republic of Korea,Seoul,Jungnang-gu,35,99,Moderate
3/2019,Republic of Korea,Seoul,Jungnang-gu,43,119,Unhealthy for Sensitive Groups
4/2019,Republic of Korea,Seoul,Jungnang-gu,18,63,Moderate
5/2019,Republic of Korea,Seoul,Jungnang-gu,27,82,Moderate
6/2019,Republic of Korea,Seoul,Jungnang-gu,18,63,Moderate
7/2019,Republic of Korea,Seoul,Jungnang-gu,17,61,Moderate
8/2019,Republic of Korea,Seoul,Jungnang-gu,15,57,Moderate
9/2019,Republic of Korea,Seoul,Jungnang-gu,9,38,Good
10/2019,Republic of Korea,Seoul,Jungnang-gu,12,50,Good
11/2019,Republic of Korea,Seoul,Jungnang-gu,16,59,Moderate
1/2017,Republic of Korea,Seoul,Dongdaemun-gu,33,95,Moderate
2/2017,Republic of Korea,Seoul,Dongdaemun-gu,27,82,Moderate
3/2017,Republic of Korea,Seoul,Dongdaemun-gu,34,97,Moderate
4/2017,Republic of Korea,Seoul,Dongdaemun-gu,22,72,Moderate
5/2017,Republic of Korea,Seoul,Dongdaemun-gu,21,70,Moderate
6/2017,Republic of Korea,Seoul,Dongdaemun-gu,20,68,Moderate
7/2017,Republic of Korea,Seoul,Dongdaemun-gu,19,66,Moderate
8/2017,Republic of Korea,Seoul,Dongdaemun-gu,12,50,Good
9/2017,Republic of Korea,Seoul,Dongdaemun-gu,18,63,Moderate
10/2017,Republic of Korea,Seoul,Dongdaemun-gu,14,55,Moderate
11/2017,Republic of Korea,Seoul,Dongdaemun-gu,18,63,Moderate
12/2017,Republic of Korea,Seoul,Dongdaemun-gu,32,93,Moderate
1/2018,Republic of Korea,Seoul,Dongdaemun-gu,30,89,Moderate
2/2018,Republic of Korea,Seoul,Dongdaemun-gu,31,91,Moderate
3/2018,Republic of Korea,Seoul,Dongdaemun-gu,35,99,Moderate
4/2018,Republic of Korea,Seoul,Dongdaemun-gu,24,76,Moderate
5/2018,Republic of Korea,Seoul,Dongdaemun-gu,22,72,Moderate
6/2018,Republic of Korea,Seoul,Dongdaemun-gu,23,74,Moderate
7/2018,Republic of Korea,Seoul,Dongdaemun-gu,17,61,Moderate
8/2018,Republic of Korea,Seoul,Dongdaemun-gu,14,55,Moderate
9/2018,Republic of Korea,Seoul,Dongdaemun-gu,10,42,Good
10/2018,Republic of Korea,Seoul,Dongdaemun-gu,16,59,Moderate
11/2018,Republic of Korea,Seoul,Dongdaemun-gu,32,93,Moderate
12/2018,Republic of Korea,Seoul,Dongdaemun-gu,29,87,Moderate
1/2019,Republic of Korea,Seoul,Dongdaemun-gu,42,117,Unhealthy for Sensitive Groups
2/2019,Republic of Korea,Seoul,Dongdaemun-gu,39,110,Unhealthy for Sensitive Groups
3/2019,Republic of Korea,Seoul,Dongdaemun-gu,43,119,Unhealthy for Sensitive Groups
4/2019,Republic of Korea,Seoul,Dongdaemun-gu,16,59,Moderate
5/2019,Republic of Korea,Seoul,Dongdaemun-gu,23,74,Moderate
6/2019,Republic of Korea,Seoul,Dongdaemun-gu,16,59,Moderate
7/2019,Republic of Korea,Seoul,Dongdaemun-gu,19,66,Moderate
8/2019,Republic of Korea,Seoul,Dongdaemun-gu,17,61,Moderate
9/2019,Republic of Korea,Seoul,Dongdaemun-gu,10,42,Good
10/2019,Republic of Korea,Seoul,Dongdaemun-gu,13,53,Moderate
11/2019,Republic of Korea,Seoul,Dongdaemun-gu,18,63,Moderate
1/2017,Republic of Korea,Seoul,Eunpyeong-gu,30,89,Moderate
2/2017,Republic of Korea,Seoul,Eunpyeong-gu,25,78,Moderate
3/2017,Republic of Korea,Seoul,Eunpyeong-gu,36,102,Unhealthy for Sensitive Groups
4/2017,Republic of Korea,Seoul,Eunpyeong-gu,25,78,Moderate
5/2017,Republic of Korea,Seoul,Eunpyeong-gu,26,80,Moderate
6/2017,Republic of Korea,Seoul,Eunpyeong-gu,24,76,Moderate
7/2017,Republic of Korea,Seoul,Eunpyeong-gu,22,72,Moderate
8/2017,Republic of Korea,Seoul,Eunpyeong-gu,12,50,Good
9/2017,Republic of Korea,Seoul,Eunpyeong-gu,19,66,Moderate
10/2017,Republic of Korea,Seoul,Eunpyeong-gu,14,55,Moderate
11/2017,Republic of Korea,Seoul,Eunpyeong-gu,19,66,Moderate
12/2017,Republic of Korea,Seoul,Eunpyeong-gu,31,91,Moderate
1/2018,Republic of Korea,Seoul,Eunpyeong-gu,31,91,Moderate
2/2018,Republic of Korea,Seoul,Eunpyeong-gu,29,87,Moderate
3/2018,Republic of Korea,Seoul,Eunpyeong-gu,35,99,Moderate
4/2018,Republic of Korea,Seoul,Eunpyeong-gu,28,84,Moderate
5/2018,Republic of Korea,Seoul,Eunpyeong-gu,29,87,Moderate
6/2018,Republic of Korea,Seoul,Eunpyeong-gu,30,89,Moderate
7/2018,Republic of Korea,Seoul,Eunpyeong-gu,20,68,Moderate
8/2018,Republic of Korea,Seoul,Eunpyeong-gu,19,66,Moderate
9/2018,Republic of Korea,Seoul,Eunpyeong-gu,14,55,Moderate
10/2018,Republic of Korea,Seoul,Eunpyeong-gu,18,63,Moderate
11/2018,Republic of Korea,Seoul,Eunpyeong-gu,34,97,Moderate
12/2018,Republic of Korea,Seoul,Eunpyeong-gu,24,76,Moderate
1/2019,Republic of Korea,Seoul,Eunpyeong-gu,33,95,Moderate
2/2019,Republic of Korea,Seoul,Eunpyeong-gu,31,91,Moderate
3/2019,Republic of Korea,Seoul,Eunpyeong-gu,42,117,Unhealthy for Sensitive Groups
4/2019,Republic of Korea,Seoul,Eunpyeong-gu,21,70,Moderate
5/2019,Republic of Korea,Seoul,Eunpyeong-gu,30,89,Moderate
6/2019,Republic of Korea,Seoul,Eunpyeong-gu,22,72,Moderate
7/2019,Republic of Korea,Seoul,Eunpyeong-gu,21,70,Moderate
8/2019,Republic of Korea,Seoul,Eunpyeong-gu,18,63,Moderate
9/2019,Republic of Korea,Seoul,Eunpyeong-gu,14,55,Moderate
10/2019,Republic of Korea,Seoul,Eunpyeong-gu,16,59,Moderate
11/2019,Republic of Korea,Seoul,Eunpyeong-gu,18,63,Moderate
1/2017,Republic of Korea,Seoul,Mapo-gu,38,107,Unhealthy for Sensitive Groups
2/2017,Republic of Korea,Seoul,Mapo-gu,32,93,Moderate
3/2017,Republic of Korea,Seoul,Mapo-gu,50,137,Unhealthy for Sensitive Groups
4/2017,Republic of Korea,Seoul,Mapo-gu,33,95,Moderate
5/2017,Republic of Korea,Seoul,Mapo-gu,28,84,Moderate
6/2017,Republic of Korea,Seoul,Mapo-gu,25,78,Moderate
7/2017,Republic of Korea,Seoul,Mapo-gu,25,78,Moderate
8/2017,Republic of Korea,Seoul,Mapo-gu,15,57,Moderate
9/2017,Republic of Korea,Seoul,Mapo-gu,21,70,Moderate
10/2017,Republic of Korea,Seoul,Mapo-gu,17,61,Moderate
11/2017,Republic of Korea,Seoul,Mapo-gu,22,72,Moderate
12/2017,Republic of Korea,Seoul,Mapo-gu,32,93,Moderate
1/2018,Republic of Korea,Seoul,Mapo-gu,34,97,Moderate
2/2018,Republic of Korea,Seoul,Mapo-gu,34,97,Moderate
3/2018,Republic of Korea,Seoul,Mapo-gu,38,107,Unhealthy for Sensitive Groups
4/2018,Republic of Korea,Seoul,Mapo-gu,26,80,Moderate
5/2018,Republic of Korea,Seoul,Mapo-gu,25,78,Moderate
6/2018,Republic of Korea,Seoul,Mapo-gu,28,84,Moderate
7/2018,Republic of Korea,Seoul,Mapo-gu,14,55,Moderate
8/2018,Republic of Korea,Seoul,Mapo-gu,13,53,Moderate
9/2018,Republic of Korea,Seoul,Mapo-gu,12,50,Good
10/2018,Republic of Korea,Seoul,Mapo-gu,17,61,Moderate
11/2018,Republic of Korea,Seoul,Mapo-gu,32,93,Moderate
12/2018,Republic of Korea,Seoul,Mapo-gu,21,70,Moderate
1/2019,Republic of Korea,Seoul,Mapo-gu,38,107,Unhealthy for Sensitive Groups
2/2019,Republic of Korea,Seoul,Mapo-gu,36,102,Unhealthy for Sensitive Groups
3/2019,Republic of Korea,Seoul,Mapo-gu,48,132,Unhealthy for Sensitive Groups
4/2019,Republic of Korea,Seoul,Mapo-gu,25,78,Moderate
5/2019,Republic of Korea,Seoul,Mapo-gu,35,99,Moderate
6/2019,Republic of Korea,Seoul,Mapo-gu,26,80,Moderate
7/2019,Republic of Korea,Seoul,Mapo-gu,19,66,Moderate
8/2019,Republic of Korea,Seoul,Mapo-gu,15,57,Moderate
9/2019,Republic of Korea,Seoul,Mapo-gu,10,42,Good
10/2019,Republic of Korea,Seoul,Mapo-gu,17,61,Moderate
11/2019,Republic of Korea,Seoul,Mapo-gu,20,68,Moderate
1/2017,Republic of Korea,Seoul,Yeongdeungpo-gu,32,93,Moderate
2/2017,Republic of Korea,Seoul,Yeongdeungpo-gu,28,84,Moderate
3/2017,Republic of Korea,Seoul,Yeongdeungpo-gu,38,107,Unhealthy for Sensitive Groups
4/2017,Republic of Korea,Seoul,Yeongdeungpo-gu,24,76,Moderate
5/2017,Republic of Korea,Seoul,Yeongdeungpo-gu,21,70,Moderate
6/2017,Republic of Korea,Seoul,Yeongdeungpo-gu,21,70,Moderate
7/2017,Republic of Korea,Seoul,Yeongdeungpo-gu,21,70,Moderate
8/2017,Republic of Korea,Seoul,Yeongdeungpo-gu,13,53,Moderate
9/2017,Republic of Korea,Seoul,Yeongdeungpo-gu,18,63,Moderate
10/2017,Republic of Korea,Seoul,Yeongdeungpo-gu,14,55,Moderate
11/2017,Republic of Korea,Seoul,Yeongdeungpo-gu,19,66,Moderate
12/2017,Republic of Korea,Seoul,Yeongdeungpo-gu,32,93,Moderate
1/2018,Republic of Korea,Seoul,Yeongdeungpo-gu,36,102,Unhealthy for Sensitive Groups
2/2018,Republic of Korea,Seoul,Yeongdeungpo-gu,33,95,Moderate
3/2018,Republic of Korea,Seoul,Yeongdeungpo-gu,39,110,Unhealthy for Sensitive Groups
4/2018,Republic of Korea,Seoul,Yeongdeungpo-gu,31,91,Moderate
5/2018,Republic of Korea,Seoul,Yeongdeungpo-gu,32,93,Moderate
6/2018,Republic of Korea,Seoul,Yeongdeungpo-gu,34,97,Moderate
7/2018,Republic of Korea,Seoul,Yeongdeungpo-gu,20,68,Moderate
8/2018,Republic of Korea,Seoul,Yeongdeungpo-gu,19,66,Moderate
9/2018,Republic of Korea,Seoul,Yeongdeungpo-gu,14,55,Moderate
10/2018,Republic of Korea,Seoul,Yeongdeungpo-gu,21,70,Moderate
11/2018,Republic of Korea,Seoul,Yeongdeungpo-gu,29,87,Moderate
12/2018,Republic of Korea,Seoul,Yeongdeungpo-gu,27,82,Moderate
1/2019,Republic of Korea,Seoul,Yeongdeungpo-gu,43,119,Unhealthy for Sensitive Groups
2/2019,Republic of Korea,Seoul,Yeongdeungpo-gu,40,112,Unhealthy for Sensitive Groups
4/2019,Republic of Korea,Seoul,Yeongdeungpo-gu,29,87,Moderate
5/2019,Republic of Korea,Seoul,Yeongdeungpo-gu,38,107,Unhealthy for Sensitive Groups
6/2019,Republic of Korea,Seoul,Yeongdeungpo-gu,26,80,Moderate
7/2019,Republic of Korea,Seoul,Yeongdeungpo-gu,22,72,Moderate
8/2019,Republic of Korea,Seoul,Yeongdeungpo-gu,17,61,Moderate
9/2019,Republic of Korea,Seoul,Yeongdeungpo-gu,14,55,Moderate
10/2019,Republic of Korea,Seoul,Yeongdeungpo-gu,17,61,Moderate
11/2019,Republic of Korea,Seoul,Yeongdeungpo-gu,21,70,Moderate
1/2017,Republic of Korea,Seoul,Dongjak-gu,34,97,Moderate
2/2017,Republic of Korea,Seoul,Dongjak-gu,28,84,Moderate
3/2017,Republic of Korea,Seoul,Dongjak-gu,37,105,Unhealthy for Sensitive Groups
4/2017,Republic of Korea,Seoul,Dongjak-gu,26,80,Moderate
5/2017,Republic of Korea,Seoul,Dongjak-gu,23,74,Moderate
6/2017,Republic of Korea,Seoul,Dongjak-gu,22,72,Moderate
7/2017,Republic of Korea,Seoul,Dongjak-gu,24,76,Moderate
8/2017,Republic of Korea,Seoul,Dongjak-gu,13,53,Moderate
9/2017,Republic of Korea,Seoul,Dongjak-gu,20,68,Moderate
10/2017,Republic of Korea,Seoul,Dongjak-gu,15,57,Moderate
11/2017,Republic of Korea,Seoul,Dongjak-gu,25,78,Moderate
12/2017,Republic of Korea,Seoul,Dongjak-gu,34,97,Moderate
1/2018,Republic of Korea,Seoul,Dongjak-gu,35,99,Moderate
2/2018,Republic of Korea,Seoul,Dongjak-gu,32,93,Moderate
3/2018,Republic of Korea,Seoul,Dongjak-gu,34,97,Moderate
4/2018,Republic of Korea,Seoul,Dongjak-gu,23,74,Moderate
5/2018,Republic of Korea,Seoul,Dongjak-gu,22,72,Moderate
6/2018,Republic of Korea,Seoul,Dongjak-gu,24,76,Moderate
7/2018,Republic of Korea,Seoul,Dongjak-gu,14,55,Moderate
8/2018,Republic of Korea,Seoul,Dongjak-gu,12,50,Good
9/2018,Republic of Korea,Seoul,Dongjak-gu,8,33,Good
10/2018,Republic of Korea,Seoul,Dongjak-gu,12,50,Good
11/2018,Republic of Korea,Seoul,Dongjak-gu,24,76,Moderate
12/2018,Republic of Korea,Seoul,Dongjak-gu,24,76,Moderate
1/2019,Republic of Korea,Seoul,Dongjak-gu,40,112,Unhealthy for Sensitive Groups
2/2019,Republic of Korea,Seoul,Dongjak-gu,39,110,Unhealthy for Sensitive Groups
3/2019,Republic of Korea,Seoul,Dongjak-gu,46,127,Unhealthy for Sensitive Groups
4/2019,Republic of Korea,Seoul,Dongjak-gu,19,66,Moderate
5/2019,Republic of Korea,Seoul,Dongjak-gu,27,82,Moderate
6/2019,Republic of Korea,Seoul,Dongjak-gu,18,63,Moderate
7/2019,Republic of Korea,Seoul,Dongjak-gu,22,72,Moderate
8/2019,Republic of Korea,Seoul,Dongjak-gu,20,68,Moderate
9/2019,Republic of Korea,Seoul,Dongjak-gu,12,50,Good
10/2019,Republic of Korea,Seoul,Dongjak-gu,17,61,Moderate
11/2019,Republic of Korea,Seoul,Dongjak-gu,24,76,Moderate
1/2017,Republic of Korea,Seoul,Gwanak-gu,34,97,Moderate
2/2017,Republic of Korea,Seoul,Gwanak-gu,30,89,Moderate
3/2017,Republic of Korea,Seoul,Gwanak-gu,41,115,Unhealthy for Sensitive Groups
4/2017,Republic of Korea,Seoul,Gwanak-gu,27,82,Moderate
5/2017,Republic of Korea,Seoul,Gwanak-gu,28,84,Moderate
6/2017,Republic of Korea,Seoul,Gwanak-gu,29,87,Moderate
7/2017,Republic of Korea,Seoul,Gwanak-gu,29,87,Moderate
8/2017,Republic of Korea,Seoul,Gwanak-gu,13,53,Moderate
9/2017,Republic of Korea,Seoul,Gwanak-gu,18,63,Moderate
10/2017,Republic of Korea,Seoul,Gwanak-gu,14,55,Moderate
11/2017,Republic of Korea,Seoul,Gwanak-gu,19,66,Moderate
12/2017,Republic of Korea,Seoul,Gwanak-gu,33,95,Moderate
1/2018,Republic of Korea,Seoul,Gwanak-gu,35,99,Moderate
2/2018,Republic of Korea,Seoul,Gwanak-gu,33,95,Moderate
3/2018,Republic of Korea,Seoul,Gwanak-gu,39,110,Unhealthy for Sensitive Groups
4/2018,Republic of Korea,Seoul,Gwanak-gu,30,89,Moderate
5/2018,Republic of Korea,Seoul,Gwanak-gu,28,84,Moderate
6/2018,Republic of Korea,Seoul,Gwanak-gu,30,89,Moderate
7/2018,Republic of Korea,Seoul,Gwanak-gu,16,59,Moderate
8/2018,Republic of Korea,Seoul,Gwanak-gu,15,57,Moderate
9/2018,Republic of Korea,Seoul,Gwanak-gu,14,55,Moderate
10/2018,Republic of Korea,Seoul,Gwanak-gu,20,68,Moderate
11/2018,Republic of Korea,Seoul,Gwanak-gu,38,107,Unhealthy for Sensitive Groups
12/2018,Republic of Korea,Seoul,Gwanak-gu,29,87,Moderate
1/2019,Republic of Korea,Seoul,Gwanak-gu,42,117,Unhealthy for Sensitive Groups
2/2019,Republic of Korea,Seoul,Gwanak-gu,39,110,Unhealthy for Sensitive Groups
3/2019,Republic of Korea,Seoul,Gwanak-gu,50,137,Unhealthy for Sensitive Groups
4/2019,Republic of Korea,Seoul,Gwanak-gu,26,80,Moderate
5/2019,Republic of Korea,Seoul,Gwanak-gu,34,97,Moderate
6/2019,Republic of Korea,Seoul,Gwanak-gu,23,74,Moderate
7/2019,Republic of Korea,Seoul,Gwanak-gu,14,55,Moderate
8/2019,Republic of Korea,Seoul,Gwanak-gu,13,53,Moderate
10/2019,Republic of Korea,Seoul,Gwanak-gu,15,57,Moderate
11/2019,Republic of Korea,Seoul,Gwanak-gu,20,68,Moderate
1/2017,Republic of Korea,Seoul,Gangnam-gu,32,93,Moderate
2/2017,Republic of Korea,Seoul,Gangnam-gu,30,89,Moderate
3/2017,Republic of Korea,Seoul,Gangnam-gu,44,122,Unhealthy for Sensitive Groups
4/2017,Republic of Korea,Seoul,Gangnam-gu,25,78,Moderate
5/2017,Republic of Korea,Seoul,Gangnam-gu,23,74,Moderate
6/2017,Republic of Korea,Seoul,Gangnam-gu,22,72,Moderate
7/2017,Republic of Korea,Seoul,Gangnam-gu,23,74,Moderate
8/2017,Republic of Korea,Seoul,Gangnam-gu,12,50,Good
9/2017,Republic of Korea,Seoul,Gangnam-gu,19,66,Moderate
10/2017,Republic of Korea,Seoul,Gangnam-gu,15,57,Moderate
11/2017,Republic of Korea,Seoul,Gangnam-gu,25,78,Moderate
12/2017,Republic of Korea,Seoul,Gangnam-gu,34,97,Moderate
1/2018,Republic of Korea,Seoul,Gangnam-gu,33,95,Moderate
2/2018,Republic of Korea,Seoul,Gangnam-gu,30,89,Moderate
3/2018,Republic of Korea,Seoul,Gangnam-gu,34,97,Moderate
4/2018,Republic of Korea,Seoul,Gangnam-gu,24,76,Moderate
5/2018,Republic of Korea,Seoul,Gangnam-gu,22,72,Moderate
6/2018,Republic of Korea,Seoul,Gangnam-gu,23,74,Moderate
7/2018,Republic of Korea,Seoul,Gangnam-gu,15,57,Moderate
8/2018,Republic of Korea,Seoul,Gangnam-gu,11,46,Good
9/2018,Republic of Korea,Seoul,Gangnam-gu,7,29,Good
10/2018,Republic of Korea,Seoul,Gangnam-gu,12,50,Good
11/2018,Republic of Korea,Seoul,Gangnam-gu,25,78,Moderate
12/2018,Republic of Korea,Seoul,Gangnam-gu,24,76,Moderate
1/2019,Republic of Korea,Seoul,Gangnam-gu,43,119,Unhealthy for Sensitive Groups
2/2019,Republic of Korea,Seoul,Gangnam-gu,41,115,Unhealthy for Sensitive Groups
3/2019,Republic of Korea,Seoul,Gangnam-gu,47,129,Unhealthy for Sensitive Groups
4/2019,Republic of Korea,Seoul,Gangnam-gu,18,63,Moderate
5/2019,Republic of Korea,Seoul,Gangnam-gu,26,80,Moderate
6/2019,Republic of Korea,Seoul,Gangnam-gu,16,59,Moderate
7/2019,Republic of Korea,Seoul,Gangnam-gu,18,63,Moderate
8/2019,Republic of Korea,Seoul,Gangnam-gu,16,59,Moderate
9/2019,Republic of Korea,Seoul,Gangnam-gu,11,46,Good
10/2019,Republic of Korea,Seoul,Gangnam-gu,14,55,Moderate
11/2019,Republic of Korea,Seoul,Gangnam-gu,19,66,Moderate
1/2017,Republic of Korea,Seoul,Geumcheon-gu,33,95,Moderate
2/2017,Republic of Korea,Seoul,Geumcheon-gu,30,89,Moderate
3/2017,Republic of Korea,Seoul,Geumcheon-gu,42,117,Unhealthy for Sensitive Groups
4/2017,Republic of Korea,Seoul,Geumcheon-gu,28,84,Moderate
5/2017,Republic of Korea,Seoul,Geumcheon-gu,24,76,Moderate
6/2017,Republic of Korea,Seoul,Geumcheon-gu,23,74,Moderate
7/2017,Republic of Korea,Seoul,Geumcheon-gu,23,74,Moderate
8/2017,Republic of Korea,Seoul,Geumcheon-gu,13,53,Moderate
9/2017,Republic of Korea,Seoul,Geumcheon-gu,20,68,Moderate
10/2017,Republic of Korea,Seoul,Geumcheon-gu,16,59,Moderate
11/2017,Republic of Korea,Seoul,Geumcheon-gu,24,76,Moderate
12/2017,Republic of Korea,Seoul,Geumcheon-gu,33,95,Moderate
1/2018,Republic of Korea,Seoul,Geumcheon-gu,33,95,Moderate
2/2018,Republic of Korea,Seoul,Geumcheon-gu,30,89,Moderate
3/2018,Republic of Korea,Seoul,Geumcheon-gu,33,95,Moderate
4/2018,Republic of Korea,Seoul,Geumcheon-gu,23,74,Moderate
5/2018,Republic of Korea,Seoul,Geumcheon-gu,20,68,Moderate
6/2018,Republic of Korea,Seoul,Geumcheon-gu,23,74,Moderate
7/2018,Republic of Korea,Seoul,Geumcheon-gu,16,59,Moderate
8/2018,Republic of Korea,Seoul,Geumcheon-gu,14,55,Moderate
9/2018,Republic of Korea,Seoul,Geumcheon-gu,11,46,Good
10/2018,Republic of Korea,Seoul,Geumcheon-gu,16,59,Moderate
11/2018,Republic of Korea,Seoul,Geumcheon-gu,31,91,Moderate
12/2018,Republic of Korea,Seoul,Geumcheon-gu,27,82,Moderate
1/2019,Republic of Korea,Seoul,Geumcheon-gu,40,112,Unhealthy for Sensitive Groups
2/2019,Republic of Korea,Seoul,Geumcheon-gu,37,105,Unhealthy for Sensitive Groups
3/2019,Republic of Korea,Seoul,Geumcheon-gu,42,117,Unhealthy for Sensitive Groups
4/2019,Republic of Korea,Seoul,Geumcheon-gu,19,66,Moderate
5/2019,Republic of Korea,Seoul,Geumcheon-gu,26,80,Moderate
6/2019,Republic of Korea,Seoul,Geumcheon-gu,18,63,Moderate
7/2019,Republic of Korea,Seoul,Geumcheon-gu,18,63,Moderate
8/2019,Republic of Korea,Seoul,Geumcheon-gu,16,59,Moderate
9/2019,Republic of Korea,Seoul,Geumcheon-gu,12,50,Good
10/2019,Republic of Korea,Seoul,Geumcheon-gu,16,59,Moderate
11/2019,Republic of Korea,Seoul,Geumcheon-gu,21,70,Moderate
1/2017,Republic of Korea,Seoul,Gangdong-gu,34,97,Moderate
2/2017,Republic of Korea,Seoul,Gangdong-gu,30,89,Moderate
3/2017,Republic of Korea,Seoul,Gangdong-gu,43,119,Unhealthy for Sensitive Groups
4/2017,Republic of Korea,Seoul,Gangdong-gu,28,84,Moderate
5/2017,Republic of Korea,Seoul,Gangdong-gu,20,68,Moderate
6/2017,Republic of Korea,Seoul,Gangdong-gu,19,66,Moderate
7/2017,Republic of Korea,Seoul,Gangdong-gu,19,66,Moderate
8/2017,Republic of Korea,Seoul,Gangdong-gu,11,46,Good
9/2017,Republic of Korea,Seoul,Gangdong-gu,16,59,Moderate
10/2017,Republic of Korea,Seoul,Gangdong-gu,13,53,Moderate
11/2017,Republic of Korea,Seoul,Gangdong-gu,21,70,Moderate
12/2017,Republic of Korea,Seoul,Gangdong-gu,34,97,Moderate
1/2018,Republic of Korea,Seoul,Gangdong-gu,36,102,Unhealthy for Sensitive Groups
2/2018,Republic of Korea,Seoul,Gangdong-gu,33,95,Moderate
3/2018,Republic of Korea,Seoul,Gangdong-gu,36,102,Unhealthy for Sensitive Groups
4/2018,Republic of Korea,Seoul,Gangdong-gu,31,91,Moderate
5/2018,Republic of Korea,Seoul,Gangdong-gu,20,68,Moderate
6/2018,Republic of Korea,Seoul,Gangdong-gu,21,70,Moderate
7/2018,Republic of Korea,Seoul,Gangdong-gu,16,59,Moderate
8/2018,Republic of Korea,Seoul,Gangdong-gu,13,53,Moderate
9/2018,Republic of Korea,Seoul,Gangdong-gu,9,38,Good
10/2018,Republic of Korea,Seoul,Gangdong-gu,14,55,Moderate
11/2018,Republic of Korea,Seoul,Gangdong-gu,26,80,Moderate
12/2018,Republic of Korea,Seoul,Gangdong-gu,26,80,Moderate
1/2019,Republic of Korea,Seoul,Gangdong-gu,42,117,Unhealthy for Sensitive Groups
2/2019,Republic of Korea,Seoul,Gangdong-gu,39,110,Unhealthy for Sensitive Groups
3/2019,Republic of Korea,Seoul,Gangdong-gu,44,122,Unhealthy for Sensitive Groups
4/2019,Republic of Korea,Seoul,Gangdong-gu,19,66,Moderate
5/2019,Republic of Korea,Seoul,Gangdong-gu,27,82,Moderate
6/2019,Republic of Korea,Seoul,Gangdong-gu,18,63,Moderate
7/2019,Republic of Korea,Seoul,Gangdong-gu,19,66,Moderate
8/2019,Republic of Korea,Seoul,Gangdong-gu,18,63,Moderate
9/2019,Republic of Korea,Seoul,Gangdong-gu,13,53,Moderate
10/2019,Republic of Korea,Seoul,Gangdong-gu,17,61,Moderate
11/2019,Republic of Korea,Seoul,Gangdong-gu,25,78,Moderate
1/2017,Republic of Korea,Seoul,Gangbuk-gu,31,91,Moderate
2/2017,Republic of Korea,Seoul,Gangbuk-gu,25,78,Moderate
3/2017,Republic of Korea,Seoul,Gangbuk-gu,33,95,Moderate
4/2017,Republic of Korea,Seoul,Gangbuk-gu,23,74,Moderate
5/2017,Republic of Korea,Seoul,Gangbuk-gu,22,72,Moderate
6/2017,Republic of Korea,Seoul,Gangbuk-gu,20,68,Moderate
7/2017,Republic of Korea,Seoul,Gangbuk-gu,21,70,Moderate
8/2017,Republic of Korea,Seoul,Gangbuk-gu,10,42,Good
9/2017,Republic of Korea,Seoul,Gangbuk-gu,16,59,Moderate
10/2017,Republic of Korea,Seoul,Gangbuk-gu,13,53,Moderate
11/2017,Republic of Korea,Seoul,Gangbuk-gu,20,68,Moderate
12/2017,Republic of Korea,Seoul,Gangbuk-gu,28,84,Moderate
1/2018,Republic of Korea,Seoul,Gangbuk-gu,26,80,Moderate
2/2018,Republic of Korea,Seoul,Gangbuk-gu,26,80,Moderate
3/2018,Republic of Korea,Seoul,Gangbuk-gu,29,87,Moderate
4/2018,Republic of Korea,Seoul,Gangbuk-gu,21,70,Moderate
5/2018,Republic of Korea,Seoul,Gangbuk-gu,16,59,Moderate
6/2018,Republic of Korea,Seoul,Gangbuk-gu,18,63,Moderate
7/2018,Republic of Korea,Seoul,Gangbuk-gu,16,59,Moderate
8/2018,Republic of Korea,Seoul,Gangbuk-gu,13,53,Moderate
9/2018,Republic of Korea,Seoul,Gangbuk-gu,8,33,Good
10/2018,Republic of Korea,Seoul,Gangbuk-gu,12,50,Good
11/2018,Republic of Korea,Seoul,Gangbuk-gu,23,74,Moderate
12/2018,Republic of Korea,Seoul,Gangbuk-gu,24,76,Moderate
1/2019,Republic of Korea,Seoul,Gangbuk-gu,39,110,Unhealthy for Sensitive Groups
2/2019,Republic of Korea,Seoul,Gangbuk-gu,35,99,Moderate
3/2019,Republic of Korea,Seoul,Gangbuk-gu,42,117,Unhealthy for Sensitive Groups
4/2019,Republic of Korea,Seoul,Gangbuk-gu,16,59,Moderate
5/2019,Republic of Korea,Seoul,Gangbuk-gu,25,78,Moderate
6/2019,Republic of Korea,Seoul,Gangbuk-gu,17,61,Moderate
7/2019,Republic of Korea,Seoul,Gangbuk-gu,19,66,Moderate
8/2019,Republic of Korea,Seoul,Gangbuk-gu,17,61,Moderate
9/2019,Republic of Korea,Seoul,Gangbuk-gu,13,53,Moderate
10/2019,Republic of Korea,Seoul,Gangbuk-gu,18,63,Moderate
11/2019,Republic of Korea,Seoul,Gangbuk-gu,21,70,Moderate
1/2017,Republic of Korea,Seoul,Seongbuk-gu,30,89,Moderate
2/2017,Republic of Korea,Seoul,Seongbuk-gu,28,84,Moderate
3/2017,Republic of Korea,Seoul,Seongbuk-gu,40,112,Unhealthy for Sensitive Groups
4/2017,Republic of Korea,Seoul,Seongbuk-gu,27,82,Moderate
5/2017,Republic of Korea,Seoul,Seongbuk-gu,27,82,Moderate
6/2017,Republic of Korea,Seoul,Seongbuk-gu,24,76,Moderate
7/2017,Republic of Korea,Seoul,Seongbuk-gu,25,78,Moderate
8/2017,Republic of Korea,Seoul,Seongbuk-gu,14,55,Moderate
9/2017,Republic of Korea,Seoul,Seongbuk-gu,21,70,Moderate
10/2017,Republic of Korea,Seoul,Seongbuk-gu,17,61,Moderate
11/2017,Republic of Korea,Seoul,Seongbuk-gu,22,72,Moderate
12/2017,Republic of Korea,Seoul,Seongbuk-gu,30,89,Moderate
1/2018,Republic of Korea,Seoul,Seongbuk-gu,32,93,Moderate
2/2018,Republic of Korea,Seoul,Seongbuk-gu,30,89,Moderate
3/2018,Republic of Korea,Seoul,Seongbuk-gu,31,91,Moderate
4/2018,Republic of Korea,Seoul,Seongbuk-gu,24,76,Moderate
5/2018,Republic of Korea,Seoul,Seongbuk-gu,25,78,Moderate
6/2018,Republic of Korea,Seoul,Seongbuk-gu,25,78,Moderate
7/2018,Republic of Korea,Seoul,Seongbuk-gu,16,59,Moderate
8/2018,Republic of Korea,Seoul,Seongbuk-gu,14,55,Moderate
9/2018,Republic of Korea,Seoul,Seongbuk-gu,10,42,Good
10/2018,Republic of Korea,Seoul,Seongbuk-gu,14,55,Moderate
11/2018,Republic of Korea,Seoul,Seongbuk-gu,24,76,Moderate
12/2018,Republic of Korea,Seoul,Seongbuk-gu,20,68,Moderate
1/2019,Republic of Korea,Seoul,Seongbuk-gu,32,93,Moderate
2/2019,Republic of Korea,Seoul,Seongbuk-gu,30,89,Moderate
3/2019,Republic of Korea,Seoul,Seongbuk-gu,36,102,Unhealthy for Sensitive Groups
4/2019,Republic of Korea,Seoul,Seongbuk-gu,18,63,Moderate
5/2019,Republic of Korea,Seoul,Seongbuk-gu,29,87,Moderate
6/2019,Republic of Korea,Seoul,Seongbuk-gu,19,66,Moderate
7/2019,Republic of Korea,Seoul,Seongbuk-gu,15,57,Moderate
8/2019,Republic of Korea,Seoul,Seongbuk-gu,15,57,Moderate
9/2019,Republic of Korea,Seoul,Seongbuk-gu,10,42,Good
10/2019,Republic of Korea,Seoul,Seongbuk-gu,14,55,Moderate
11/2019,Republic of Korea,Seoul,Seongbuk-gu,16,59,Moderate
1/2017,Republic of Korea,Seoul,Yongsan-gu,33,95,Moderate
2/2017,Republic of Korea,Seoul,Yongsan-gu,28,84,Moderate
3/2017,Republic of Korea,Seoul,Yongsan-gu,35,99,Moderate
4/2017,Republic of Korea,Seoul,Yongsan-gu,26,80,Moderate
5/2017,Republic of Korea,Seoul,Yongsan-gu,24,76,Moderate
6/2017,Republic of Korea,Seoul,Yongsan-gu,23,74,Moderate
7/2017,Republic of Korea,Seoul,Yongsan-gu,24,76,Moderate
8/2017,Republic of Korea,Seoul,Yongsan-gu,14,55,Moderate
9/2017,Republic of Korea,Seoul,Yongsan-gu,18,63,Moderate
10/2017,Republic of Korea,Seoul,Yongsan-gu,15,57,Moderate
11/2017,Republic of Korea,Seoul,Yongsan-gu,21,70,Moderate
12/2017,Republic of Korea,Seoul,Yongsan-gu,33,95,Moderate
1/2018,Republic of Korea,Seoul,Yongsan-gu,32,93,Moderate
2/2018,Republic of Korea,Seoul,Yongsan-gu,27,82,Moderate
3/2018,Republic of Korea,Seoul,Yongsan-gu,48,132,Unhealthy for Sensitive Groups
4/2018,Republic of Korea,Seoul,Yongsan-gu,27,82,Moderate
5/2018,Republic of Korea,Seoul,Yongsan-gu,21,70,Moderate
6/2018,Republic of Korea,Seoul,Yongsan-gu,23,74,Moderate
7/2018,Republic of Korea,Seoul,Yongsan-gu,17,61,Moderate
8/2018,Republic of Korea,Seoul,Yongsan-gu,14,55,Moderate
9/2018,Republic of Korea,Seoul,Yongsan-gu,8,33,Good
10/2018,Republic of Korea,Seoul,Yongsan-gu,14,55,Moderate
11/2018,Republic of Korea,Seoul,Yongsan-gu,28,84,Moderate
12/2018,Republic of Korea,Seoul,Yongsan-gu,24,76,Moderate
1/2019,Republic of Korea,Seoul,Yongsan-gu,35,99,Moderate
2/2019,Republic of Korea,Seoul,Yongsan-gu,36,102,Unhealthy for Sensitive Groups
3/2019,Republic of Korea,Seoul,Yongsan-gu,45,124,Unhealthy for Sensitive Groups
4/2019,Republic of Korea,Seoul,Yongsan-gu,17,61,Moderate
5/2019,Republic of Korea,Seoul,Yongsan-gu,26,80,Moderate
6/2019,Republic of Korea,Seoul,Yongsan-gu,16,59,Moderate
7/2019,Republic of Korea,Seoul,Yongsan-gu,20,68,Moderate
8/2019,Republic of Korea,Seoul,Yongsan-gu,18,63,Moderate
9/2019,Republic of Korea,Seoul,Yongsan-gu,11,46,Good
10/2019,Republic of Korea,Seoul,Yongsan-gu,14,55,Moderate
11/2019,Republic of Korea,Seoul,Yongsan-gu,18,63,Moderate
1/2017,Republic of Korea,Seoul,Gwangjin-gu,36,102,Unhealthy for Sensitive Groups
2/2017,Republic of Korea,Seoul,Gwangjin-gu,31,91,Moderate
3/2017,Republic of Korea,Seoul,Gwangjin-gu,44,122,Unhealthy for Sensitive Groups
4/2017,Republic of Korea,Seoul,Gwangjin-gu,25,78,Moderate
5/2017,Republic of Korea,Seoul,Gwangjin-gu,23,74,Moderate
6/2017,Republic of Korea,Seoul,Gwangjin-gu,20,68,Moderate
7/2017,Republic of Korea,Seoul,Gwangjin-gu,20,68,Moderate
8/2017,Republic of Korea,Seoul,Gwangjin-gu,10,42,Good
9/2017,Republic of Korea,Seoul,Gwangjin-gu,16,59,Moderate
10/2017,Republic of Korea,Seoul,Gwangjin-gu,14,55,Moderate
11/2017,Republic of Korea,Seoul,Gwangjin-gu,25,78,Moderate
12/2017,Republic of Korea,Seoul,Gwangjin-gu,32,93,Moderate
1/2018,Republic of Korea,Seoul,Gwangjin-gu,32,93,Moderate
2/2018,Republic of Korea,Seoul,Gwangjin-gu,29,87,Moderate
3/2018,Republic of Korea,Seoul,Gwangjin-gu,26,80,Moderate
4/2018,Republic of Korea,Seoul,Gwangjin-gu,23,74,Moderate
5/2018,Republic of Korea,Seoul,Gwangjin-gu,22,72,Moderate
6/2018,Republic of Korea,Seoul,Gwangjin-gu,24,76,Moderate
7/2018,Republic of Korea,Seoul,Gwangjin-gu,15,57,Moderate
8/2018,Republic of Korea,Seoul,Gwangjin-gu,14,55,Moderate
9/2018,Republic of Korea,Seoul,Gwangjin-gu,7,29,Good
10/2018,Republic of Korea,Seoul,Gwangjin-gu,13,53,Moderate
11/2018,Republic of Korea,Seoul,Gwangjin-gu,27,82,Moderate
12/2018,Republic of Korea,Seoul,Gwangjin-gu,21,70,Moderate
1/2019,Republic of Korea,Seoul,Gwangjin-gu,37,105,Unhealthy for Sensitive Groups
2/2019,Republic of Korea,Seoul,Gwangjin-gu,35,99,Moderate
3/2019,Republic of Korea,Seoul,Gwangjin-gu,46,127,Unhealthy for Sensitive Groups
4/2019,Republic of Korea,Seoul,Gwangjin-gu,24,76,Moderate
5/2019,Republic of Korea,Seoul,Gwangjin-gu,34,97,Moderate
6/2019,Republic of Korea,Seoul,Gwangjin-gu,25,78,Moderate
7/2019,Republic of Korea,Seoul,Gwangjin-gu,22,72,Moderate
8/2019,Republic of Korea,Seoul,Gwangjin-gu,19,66,Moderate
9/2019,Republic of Korea,Seoul,Gwangjin-gu,15,57,Moderate
10/2019,Republic of Korea,Seoul,Gwangjin-gu,17,61,Moderate
11/2019,Republic of Korea,Seoul,Gwangjin-gu,20,68,Moderate
1/2017,Republic of Korea,Seoul,Seongdong-gu,31,91,Moderate
2/2017,Republic of Korea,Seoul,Seongdong-gu,28,84,Moderate
3/2017,Republic of Korea,Seoul,Seongdong-gu,45,124,Unhealthy for Sensitive Groups
4/2017,Republic of Korea,Seoul,Seongdong-gu,28,84,Moderate
5/2017,Republic of Korea,Seoul,Seongdong-gu,27,82,Moderate
6/2017,Republic of Korea,Seoul,Seongdong-gu,21,70,Moderate
7/2017,Republic of Korea,Seoul,Seongdong-gu,19,66,Moderate
8/2017,Republic of Korea,Seoul,Seongdong-gu,12,50,Good
9/2017,Republic of Korea,Seoul,Seongdong-gu,17,61,Moderate
10/2017,Republic of Korea,Seoul,Seongdong-gu,14,55,Moderate
11/2017,Republic of Korea,Seoul,Seongdong-gu,22,72,Moderate
12/2017,Republic of Korea,Seoul,Seongdong-gu,33,95,Moderate
1/2018,Republic of Korea,Seoul,Seongdong-gu,33,95,Moderate
2/2018,Republic of Korea,Seoul,Seongdong-gu,33,95,Moderate
3/2018,Republic of Korea,Seoul,Seongdong-gu,37,105,Unhealthy for Sensitive Groups
4/2018,Republic of Korea,Seoul,Seongdong-gu,30,89,Moderate
5/2018,Republic of Korea,Seoul,Seongdong-gu,26,80,Moderate
6/2018,Republic of Korea,Seoul,Seongdong-gu,25,78,Moderate
7/2018,Republic of Korea,Seoul,Seongdong-gu,15,57,Moderate
8/2018,Republic of Korea,Seoul,Seongdong-gu,14,55,Moderate
9/2018,Republic of Korea,Seoul,Seongdong-gu,10,42,Good
10/2018,Republic of Korea,Seoul,Seongdong-gu,14,55,Moderate
11/2018,Republic of Korea,Seoul,Seongdong-gu,25,78,Moderate
12/2018,Republic of Korea,Seoul,Seongdong-gu,22,72,Moderate
1/2019,Republic of Korea,Seoul,Seongdong-gu,41,115,Unhealthy for Sensitive Groups
2/2019,Republic of Korea,Seoul,Seongdong-gu,40,112,Unhealthy for Sensitive Groups
4/2019,Republic of Korea,Seoul,Seongdong-gu,23,74,Moderate
5/2019,Republic of Korea,Seoul,Seongdong-gu,30,89,Moderate
6/2019,Republic of Korea,Seoul,Seongdong-gu,22,72,Moderate
7/2019,Republic of Korea,Seoul,Seongdong-gu,20,68,Moderate
8/2019,Republic of Korea,Seoul,Seongdong-gu,12,50,Good
9/2019,Republic of Korea,Seoul,Seongdong-gu,11,46,Good
10/2019,Republic of Korea,Seoul,Seongdong-gu,14,55,Moderate
11/2019,Republic of Korea,Seoul,Seongdong-gu,20,68,Moderate
1/2017,Republic of Korea,Seoul,Dobong-gu,30,89,Moderate
2/2017,Republic of Korea,Seoul,Dobong-gu,26,80,Moderate
3/2017,Republic of Korea,Seoul,Dobong-gu,34,97,Moderate
4/2017,Republic of Korea,Seoul,Dobong-gu,25,78,Moderate
5/2017,Republic of Korea,Seoul,Dobong-gu,25,78,Moderate
6/2017,Republic of Korea,Seoul,Dobong-gu,24,76,Moderate
7/2017,Republic of Korea,Seoul,Dobong-gu,23,74,Moderate
8/2017,Republic of Korea,Seoul,Dobong-gu,13,53,Moderate
9/2017,Republic of Korea,Seoul,Dobong-gu,18,63,Moderate
10/2017,Republic of Korea,Seoul,Dobong-gu,14,55,Moderate
11/2017,Republic of Korea,Seoul,Dobong-gu,20,68,Moderate
12/2017,Republic of Korea,Seoul,Dobong-gu,31,91,Moderate
1/2018,Republic of Korea,Seoul,Dobong-gu,32,93,Moderate
2/2018,Republic of Korea,Seoul,Dobong-gu,30,89,Moderate
3/2018,Republic of Korea,Seoul,Dobong-gu,32,93,Moderate
4/2018,Republic of Korea,Seoul,Dobong-gu,30,89,Moderate
5/2018,Republic of Korea,Seoul,Dobong-gu,21,70,Moderate
6/2018,Republic of Korea,Seoul,Dobong-gu,23,74,Moderate
7/2018,Republic of Korea,Seoul,Dobong-gu,14,55,Moderate
8/2018,Republic of Korea,Seoul,Dobong-gu,13,53,Moderate
9/2018,Republic of Korea,Seoul,Dobong-gu,9,38,Good
10/2018,Republic of Korea,Seoul,Dobong-gu,16,59,Moderate
11/2018,Republic of Korea,Seoul,Dobong-gu,32,93,Moderate
12/2018,Republic of Korea,Seoul,Dobong-gu,25,78,Moderate
1/2019,Republic of Korea,Seoul,Dobong-gu,36,102,Unhealthy for Sensitive Groups
2/2019,Republic of Korea,Seoul,Dobong-gu,33,95,Moderate
3/2019,Republic of Korea,Seoul,Dobong-gu,43,119,Unhealthy for Sensitive Groups
4/2019,Republic of Korea,Seoul,Dobong-gu,19,66,Moderate
5/2019,Republic of Korea,Seoul,Dobong-gu,28,84,Moderate
6/2019,Republic of Korea,Seoul,Dobong-gu,17,61,Moderate
7/2019,Republic of Korea,Seoul,Dobong-gu,14,55,Moderate
8/2019,Republic of Korea,Seoul,Dobong-gu,11,46,Good
9/2019,Republic of Korea,Seoul,Dobong-gu,9,38,Good
10/2019,Republic of Korea,Seoul,Dobong-gu,13,53,Moderate
11/2019,Republic of Korea,Seoul,Dobong-gu,17,61,Moderate
1/2017,Republic of Korea,Seoul,Seodaemun-gu,29,87,Moderate
2/2017,Republic of Korea,Seoul,Seodaemun-gu,26,80,Moderate
3/2017,Republic of Korea,Seoul,Seodaemun-gu,37,105,Unhealthy for Sensitive Groups
4/2017,Republic of Korea,Seoul,Seodaemun-gu,28,84,Moderate
5/2017,Republic of Korea,Seoul,Seodaemun-gu,27,82,Moderate
6/2017,Republic of Korea,Seoul,Seodaemun-gu,24,76,Moderate
7/2017,Republic of Korea,Seoul,Seodaemun-gu,23,74,Moderate
8/2017,Republic of Korea,Seoul,Seodaemun-gu,14,55,Moderate
9/2017,Republic of Korea,Seoul,Seodaemun-gu,20,68,Moderate
10/2017,Republic of Korea,Seoul,Seodaemun-gu,15,57,Moderate
11/2017,Republic of Korea,Seoul,Seodaemun-gu,22,72,Moderate
12/2017,Republic of Korea,Seoul,Seodaemun-gu,28,84,Moderate
1/2018,Republic of Korea,Seoul,Seodaemun-gu,32,93,Moderate
2/2018,Republic of Korea,Seoul,Seodaemun-gu,26,80,Moderate
3/2018,Republic of Korea,Seoul,Seodaemun-gu,35,99,Moderate
4/2018,Republic of Korea,Seoul,Seodaemun-gu,27,82,Moderate
5/2018,Republic of Korea,Seoul,Seodaemun-gu,27,82,Moderate
6/2018,Republic of Korea,Seoul,Seodaemun-gu,28,84,Moderate
7/2018,Republic of Korea,Seoul,Seodaemun-gu,14,55,Moderate
8/2018,Republic of Korea,Seoul,Seodaemun-gu,12,50,Good
9/2018,Republic of Korea,Seoul,Seodaemun-gu,11,46,Good
10/2018,Republic of Korea,Seoul,Seodaemun-gu,15,57,Moderate
11/2018,Republic of Korea,Seoul,Seodaemun-gu,28,84,Moderate
12/2018,Republic of Korea,Seoul,Seodaemun-gu,26,80,Moderate
1/2019,Republic of Korea,Seoul,Seodaemun-gu,39,110,Unhealthy for Sensitive Groups
2/2019,Republic of Korea,Seoul,Seodaemun-gu,36,102,Unhealthy for Sensitive Groups
3/2019,Republic of Korea,Seoul,Seodaemun-gu,47,129,Unhealthy for Sensitive Groups
4/2019,Republic of Korea,Seoul,Seodaemun-gu,23,74,Moderate
5/2019,Republic of Korea,Seoul,Seodaemun-gu,31,91,Moderate
6/2019,Republic of Korea,Seoul,Seodaemun-gu,21,70,Moderate
7/2019,Republic of Korea,Seoul,Seodaemun-gu,17,61,Moderate
8/2019,Republic of Korea,Seoul,Seodaemun-gu,10,42,Good
9/2019,Republic of Korea,Seoul,Seodaemun-gu,7,29,Good
10/2019,Republic of Korea,Seoul,Seodaemun-gu,12,50,Good
11/2019,Republic of Korea,Seoul,Seodaemun-gu,14,55,Moderate
1/2017,Republic of Korea,Seoul,Guro-gu,32,93,Moderate
2/2017,Republic of Korea,Seoul,Guro-gu,28,84,Moderate
3/2017,Republic of Korea,Seoul,Guro-gu,37,105,Unhealthy for Sensitive Groups
4/2017,Republic of Korea,Seoul,Guro-gu,25,78,Moderate
5/2017,Republic of Korea,Seoul,Guro-gu,24,76,Moderate
6/2017,Republic of Korea,Seoul,Guro-gu,21,70,Moderate
7/2017,Republic of Korea,Seoul,Guro-gu,22,72,Moderate
8/2017,Republic of Korea,Seoul,Guro-gu,15,57,Moderate
9/2017,Republic of Korea,Seoul,Guro-gu,22,72,Moderate
10/2017,Republic of Korea,Seoul,Guro-gu,17,61,Moderate
11/2017,Republic of Korea,Seoul,Guro-gu,22,72,Moderate
12/2017,Republic of Korea,Seoul,Guro-gu,35,99,Moderate
1/2018,Republic of Korea,Seoul,Guro-gu,37,105,Unhealthy for Sensitive Groups
2/2018,Republic of Korea,Seoul,Guro-gu,28,84,Moderate
3/2018,Republic of Korea,Seoul,Guro-gu,42,117,Unhealthy for Sensitive Groups
4/2018,Republic of Korea,Seoul,Guro-gu,28,84,Moderate
5/2018,Republic of Korea,Seoul,Guro-gu,20,68,Moderate
6/2018,Republic of Korea,Seoul,Guro-gu,26,80,Moderate
7/2018,Republic of Korea,Seoul,Guro-gu,13,53,Moderate
8/2018,Republic of Korea,Seoul,Guro-gu,13,53,Moderate
9/2018,Republic of Korea,Seoul,Guro-gu,8,33,Good
10/2018,Republic of Korea,Seoul,Guro-gu,14,55,Moderate
11/2018,Republic of Korea,Seoul,Guro-gu,30,89,Moderate
12/2018,Republic of Korea,Seoul,Guro-gu,20,68,Moderate
1/2019,Republic of Korea,Seoul,Guro-gu,30,89,Moderate
2/2019,Republic of Korea,Seoul,Guro-gu,29,87,Moderate
3/2019,Republic of Korea,Seoul,Guro-gu,44,122,Unhealthy for Sensitive Groups
4/2019,Republic of Korea,Seoul,Guro-gu,23,74,Moderate
5/2019,Republic of Korea,Seoul,Guro-gu,36,102,Unhealthy for Sensitive Groups
6/2019,Republic of Korea,Seoul,Guro-gu,23,74,Moderate
7/2019,Republic of Korea,Seoul,Guro-gu,18,63,Moderate
8/2019,Republic of Korea,Seoul,Guro-gu,14,55,Moderate
9/2019,Republic of Korea,Seoul,Guro-gu,8,33,Good
10/2019,Republic of Korea,Seoul,Guro-gu,11,46,Good
11/2019,Republic of Korea,Seoul,Guro-gu,24,76,Moderate
1/2017,Republic of Korea,Seoul,Seocho-gu,27,82,Moderate
2/2017,Republic of Korea,Seoul,Seocho-gu,27,82,Moderate
3/2017,Republic of Korea,Seoul,Seocho-gu,44,122,Unhealthy for Sensitive Groups
4/2017,Republic of Korea,Seoul,Seocho-gu,28,84,Moderate
5/2017,Republic of Korea,Seoul,Seocho-gu,24,76,Moderate
6/2017,Republic of Korea,Seoul,Seocho-gu,20,68,Moderate
7/2017,Republic of Korea,Seoul,Seocho-gu,18,63,Moderate
8/2017,Republic of Korea,Seoul,Seocho-gu,11,46,Good
9/2017,Republic of Korea,Seoul,Seocho-gu,17,61,Moderate
10/2017,Republic of Korea,Seoul,Seocho-gu,14,55,Moderate
11/2017,Republic of Korea,Seoul,Seocho-gu,22,72,Moderate
12/2017,Republic of Korea,Seoul,Seocho-gu,35,99,Moderate
1/2018,Republic of Korea,Seoul,Seocho-gu,35,99,Moderate
2/2018,Republic of Korea,Seoul,Seocho-gu,26,80,Moderate
3/2018,Republic of Korea,Seoul,Seocho-gu,37,105,Unhealthy for Sensitive Groups
4/2018,Republic of Korea,Seoul,Seocho-gu,27,82,Moderate
5/2018,Republic of Korea,Seoul,Seocho-gu,20,68,Moderate
6/2018,Republic of Korea,Seoul,Seocho-gu,23,74,Moderate
7/2018,Republic of Korea,Seoul,Seocho-gu,13,53,Moderate
8/2018,Republic of Korea,Seoul,Seocho-gu,11,46,Good
9/2018,Republic of Korea,Seoul,Seocho-gu,8,33,Good
10/2018,Republic of Korea,Seoul,Seocho-gu,15,57,Moderate
11/2018,Republic of Korea,Seoul,Seocho-gu,29,87,Moderate
12/2018,Republic of Korea,Seoul,Seocho-gu,19,66,Moderate
1/2019,Republic of Korea,Seoul,Seocho-gu,30,89,Moderate
2/2019,Republic of Korea,Seoul,Seocho-gu,31,91,Moderate
3/2019,Republic of Korea,Seoul,Seocho-gu,48,132,Unhealthy for Sensitive Groups
4/2019,Republic of Korea,Seoul,Seocho-gu,26,80,Moderate
5/2019,Republic of Korea,Seoul,Seocho-gu,35,99,Moderate
6/2019,Republic of Korea,Seoul,Seocho-gu,25,78,Moderate
7/2019,Republic of Korea,Seoul,Seocho-gu,20,68,Moderate
8/2019,Republic of Korea,Seoul,Seocho-gu,16,59,Moderate
9/2019,Republic of Korea,Seoul,Seocho-gu,11,46,Good
10/2019,Republic of Korea,Seoul,Seocho-gu,13,53,Moderate
11/2019,Republic of Korea,Seoul,Seocho-gu,22,72,Moderate
1/2017,Republic of Korea,Seoul,Gangseo-gu,31,91,Moderate
2/2017,Republic of Korea,Seoul,Gangseo-gu,27,82,Moderate
3/2017,Republic of Korea,Seoul,Gangseo-gu,36,102,Unhealthy for Sensitive Groups
4/2017,Republic of Korea,Seoul,Gangseo-gu,25,78,Moderate
5/2017,Republic of Korea,Seoul,Gangseo-gu,24,76,Moderate
6/2017,Republic of Korea,Seoul,Gangseo-gu,22,72,Moderate
7/2017,Republic of Korea,Seoul,Gangseo-gu,21,70,Moderate
8/2017,Republic of Korea,Seoul,Gangseo-gu,13,53,Moderate
9/2017,Republic of Korea,Seoul,Gangseo-gu,22,72,Moderate
10/2017,Republic of Korea,Seoul,Gangseo-gu,18,63,Moderate
11/2017,Republic of Korea,Seoul,Gangseo-gu,23,74,Moderate
12/2017,Republic of Korea,Seoul,Gangseo-gu,20,68,Moderate
1/2018,Republic of Korea,Seoul,Gangseo-gu,34,97,Moderate
2/2018,Republic of Korea,Seoul,Gangseo-gu,30,89,Moderate
3/2018,Republic of Korea,Seoul,Gangseo-gu,34,97,Moderate
4/2018,Republic of Korea,Seoul,Gangseo-gu,24,76,Moderate
5/2018,Republic of Korea,Seoul,Gangseo-gu,21,70,Moderate
6/2018,Republic of Korea,Seoul,Gangseo-gu,22,72,Moderate
7/2018,Republic of Korea,Seoul,Gangseo-gu,16,59,Moderate
8/2018,Republic of Korea,Seoul,Gangseo-gu,13,53,Moderate
9/2018,Republic of Korea,Seoul,Gangseo-gu,9,38,Good
10/2018,Republic of Korea,Seoul,Gangseo-gu,14,55,Moderate
11/2018,Republic of Korea,Seoul,Gangseo-gu,27,82,Moderate
12/2018,Republic of Korea,Seoul,Gangseo-gu,23,74,Moderate
1/2019,Republic of Korea,Seoul,Gangseo-gu,37,105,Unhealthy for Sensitive Groups
2/2019,Republic of Korea,Seoul,Gangseo-gu,35,99,Moderate
3/2019,Republic of Korea,Seoul,Gangseo-gu,46,127,Unhealthy for Sensitive Groups
4/2019,Republic of Korea,Seoul,Gangseo-gu,19,66,Moderate
5/2019,Republic of Korea,Seoul,Gangseo-gu,27,82,Moderate
6/2019,Republic of Korea,Seoul,Gangseo-gu,18,63,Moderate
7/2019,Republic of Korea,Seoul,Gangseo-gu,21,70,Moderate
8/2019,Republic of Korea,Seoul,Gangseo-gu,19,66,Moderate
9/2019,Republic of Korea,Seoul,Gangseo-gu,14,55,Moderate
10/2019,Republic of Korea,Seoul,Gangseo-gu,18,63,Moderate
11/2019,Republic of Korea,Seoul,Gangseo-gu,24,76,Moderate
1/2017,Republic of Korea,Seoul,Songpa-gu,29,87,Moderate
2/2017,Republic of Korea,Seoul,Songpa-gu,28,84,Moderate
3/2017,Republic of Korea,Seoul,Songpa-gu,40,112,Unhealthy for Sensitive Groups
4/2017,Republic of Korea,Seoul,Songpa-gu,24,76,Moderate
5/2017,Republic of Korea,Seoul,Songpa-gu,26,80,Moderate
6/2017,Republic of Korea,Seoul,Songpa-gu,20,68,Moderate
7/2017,Republic of Korea,Seoul,Songpa-gu,19,66,Moderate
8/2017,Republic of Korea,Seoul,Songpa-gu,11,46,Good
9/2017,Republic of Korea,Seoul,Songpa-gu,17,61,Moderate
10/2017,Republic of Korea,Seoul,Songpa-gu,13,53,Moderate
11/2017,Republic of Korea,Seoul,Songpa-gu,22,72,Moderate
12/2017,Republic of Korea,Seoul,Songpa-gu,31,91,Moderate
1/2018,Republic of Korea,Seoul,Songpa-gu,30,89,Moderate
2/2018,Republic of Korea,Seoul,Songpa-gu,30,89,Moderate
3/2018,Republic of Korea,Seoul,Songpa-gu,31,91,Moderate
4/2018,Republic of Korea,Seoul,Songpa-gu,25,78,Moderate
5/2018,Republic of Korea,Seoul,Songpa-gu,23,74,Moderate
6/2018,Republic of Korea,Seoul,Songpa-gu,24,76,Moderate
7/2018,Republic of Korea,Seoul,Songpa-gu,15,57,Moderate
8/2018,Republic of Korea,Seoul,Songpa-gu,13,53,Moderate
9/2018,Republic of Korea,Seoul,Songpa-gu,9,38,Good
10/2018,Republic of Korea,Seoul,Songpa-gu,14,55,Moderate
11/2018,Republic of Korea,Seoul,Songpa-gu,30,89,Moderate
12/2018,Republic of Korea,Seoul,Songpa-gu,27,82,Moderate
1/2019,Republic of Korea,Seoul,Songpa-gu,37,105,Unhealthy for Sensitive Groups
2/2019,Republic of Korea,Seoul,Songpa-gu,32,93,Moderate
3/2019,Republic of Korea,Seoul,Songpa-gu,41,115,Unhealthy for Sensitive Groups
4/2019,Republic of Korea,Seoul,Songpa-gu,24,76,Moderate
5/2019,Republic of Korea,Seoul,Songpa-gu,31,91,Moderate
6/2019,Republic of Korea,Seoul,Songpa-gu,20,68,Moderate
7/2019,Republic of Korea,Seoul,Songpa-gu,16,59,Moderate
8/2019,Republic of Korea,Seoul,Songpa-gu,13,53,Moderate
9/2019,Republic of Korea,Seoul,Songpa-gu,11,46,Good
10/2019,Republic of Korea,Seoul,Songpa-gu,15,57,Moderate
11/2019,Republic of Korea,Seoul,Songpa-gu,17,61,Moderate
1/2017,Republic of Korea,Seoul,Yangcheon-gu,30,89,Moderate
2/2017,Republic of Korea,Seoul,Yangcheon-gu,32,93,Moderate
3/2017,Republic of Korea,Seoul,Yangcheon-gu,44,122,Unhealthy for Sensitive Groups
4/2017,Republic of Korea,Seoul,Yangcheon-gu,31,91,Moderate
5/2017,Republic of Korea,Seoul,Yangcheon-gu,29,87,Moderate
6/2017,Republic of Korea,Seoul,Yangcheon-gu,28,84,Moderate
7/2017,Republic of Korea,Seoul,Yangcheon-gu,28,84,Moderate
8/2017,Republic of Korea,Seoul,Yangcheon-gu,16,59,Moderate
9/2017,Republic of Korea,Seoul,Yangcheon-gu,23,74,Moderate
10/2017,Republic of Korea,Seoul,Yangcheon-gu,20,68,Moderate
11/2017,Republic of Korea,Seoul,Yangcheon-gu,29,87,Moderate
12/2017,Republic of Korea,Seoul,Yangcheon-gu,31,91,Moderate
1/2018,Republic of Korea,Seoul,Yangcheon-gu,33,95,Moderate
2/2018,Republic of Korea,Seoul,Yangcheon-gu,32,93,Moderate
3/2018,Republic of Korea,Seoul,Yangcheon-gu,36,102,Unhealthy for Sensitive Groups
4/2018,Republic of Korea,Seoul,Yangcheon-gu,25,78,Moderate
5/2018,Republic of Korea,Seoul,Yangcheon-gu,23,74,Moderate
6/2018,Republic of Korea,Seoul,Yangcheon-gu,24,76,Moderate
7/2018,Republic of Korea,Seoul,Yangcheon-gu,16,59,Moderate
8/2018,Republic of Korea,Seoul,Yangcheon-gu,13,53,Moderate
9/2018,Republic of Korea,Seoul,Yangcheon-gu,9,38,Good
10/2018,Republic of Korea,Seoul,Yangcheon-gu,13,53,Moderate
11/2018,Republic of Korea,Seoul,Yangcheon-gu,27,82,Moderate
12/2018,Republic of Korea,Seoul,Yangcheon-gu,24,76,Moderate
1/2019,Republic of Korea,Seoul,Yangcheon-gu,40,112,Unhealthy for Sensitive Groups
2/2019,Republic of Korea,Seoul,Yangcheon-gu,37,105,Unhealthy for Sensitive Groups
3/2019,Republic of Korea,Seoul,Yangcheon-gu,47,129,Unhealthy for Sensitive Groups
4/2019,Republic of Korea,Seoul,Yangcheon-gu,20,68,Moderate
5/2019,Republic of Korea,Seoul,Yangcheon-gu,27,82,Moderate
6/2019,Republic of Korea,Seoul,Yangcheon-gu,18,63,Moderate
7/2019,Republic of Korea,Seoul,Yangcheon-gu,20,68,Moderate
8/2019,Republic of Korea,Seoul,Yangcheon-gu,19,66,Moderate
9/2019,Republic of Korea,Seoul,Yangcheon-gu,13,53,Moderate
10/2019,Republic of Korea,Seoul,Yangcheon-gu,18,63,Moderate
11/2019,Republic of Korea,Seoul,Yangcheon-gu,23,74,Moderate
1/2017,Republic of Korea,Seoul,Nowon-gu,34,97,Moderate
2/2017,Republic of Korea,Seoul,Nowon-gu,28,84,Moderate
3/2017,Republic of Korea,Seoul,Nowon-gu,37,105,Unhealthy for Sensitive Groups
4/2017,Republic of Korea,Seoul,Nowon-gu,26,80,Moderate
5/2017,Republic of Korea,Seoul,Nowon-gu,25,78,Moderate
6/2017,Republic of Korea,Seoul,Nowon-gu,23,74,Moderate
7/2017,Republic of Korea,Seoul,Nowon-gu,22,72,Moderate
8/2017,Republic of Korea,Seoul,Nowon-gu,12,50,Good
9/2017,Republic of Korea,Seoul,Nowon-gu,19,66,Moderate
10/2017,Republic of Korea,Seoul,Nowon-gu,18,63,Moderate
11/2017,Republic of Korea,Seoul,Nowon-gu,25,78,Moderate
12/2017,Republic of Korea,Seoul,Nowon-gu,33,95,Moderate
1/2018,Republic of Korea,Seoul,Nowon-gu,32,93,Moderate
2/2018,Republic of Korea,Seoul,Nowon-gu,30,89,Moderate
3/2018,Republic of Korea,Seoul,Nowon-gu,32,93,Moderate
4/2018,Republic of Korea,Seoul,Nowon-gu,23,74,Moderate
5/2018,Republic of Korea,Seoul,Nowon-gu,18,63,Moderate
6/2018,Republic of Korea,Seoul,Nowon-gu,20,68,Moderate
7/2018,Republic of Korea,Seoul,Nowon-gu,17,61,Moderate
8/2018,Republic of Korea,Seoul,Nowon-gu,12,50,Good
9/2018,Republic of Korea,Seoul,Nowon-gu,9,38,Good
10/2018,Republic of Korea,Seoul,Nowon-gu,14,55,Moderate
11/2018,Republic of Korea,Seoul,Nowon-gu,27,82,Moderate
12/2018,Republic of Korea,Seoul,Nowon-gu,26,80,Moderate
1/2019,Republic of Korea,Seoul,Nowon-gu,42,117,Unhealthy for Sensitive Groups
2/2019,Republic of Korea,Seoul,Nowon-gu,38,107,Unhealthy for Sensitive Groups
3/2019,Republic of Korea,Seoul,Nowon-gu,45,124,Unhealthy for Sensitive Groups
4/2019,Republic of Korea,Seoul,Nowon-gu,20,68,Moderate
5/2019,Republic of Korea,Seoul,Nowon-gu,27,82,Moderate
6/2019,Republic of Korea,Seoul,Nowon-gu,18,63,Moderate
7/2019,Republic of Korea,Seoul,Nowon-gu,20,68,Moderate
8/2019,Republic of Korea,Seoul,Nowon-gu,18,63,Moderate
9/2019,Republic of Korea,Seoul,Nowon-gu,13,53,Moderate
10/2019,Republic of Korea,Seoul,Nowon-gu,17,61,Moderate
11/2019,Republic of Korea,Seoul,Nowon-gu,22,72,Moderate
