World_Country,ISO_a2,ISO_a3,Country_Num_Code,ISO_3166-2_Sub_Code_Link,Independent
Afghanistan,AF,AFG,4,https://en.wikipedia.org/wiki/ISO 3166-2:AF,Yes
Åland Islands,AX,ALA,248,https://en.wikipedia.org/wiki/ISO 3166-2:AX,No
Albania,AL,ALB,8,https://en.wikipedia.org/wiki/ISO 3166-2:AL,Yes
Algeria,DZ,DZA,12,https://en.wikipedia.org/wiki/ISO 3166-2:DZ,Yes
American Samoa,AS,ASM,16,https://en.wikipedia.org/wiki/ISO 3166-2:AS,No
Andorra,AD,AND,20,https://en.wikipedia.org/wiki/ISO 3166-2:AD,Yes
Angola,AO,AGO,24,https://en.wikipedia.org/wiki/ISO 3166-2:AO,Yes
Anguilla,AI,AIA,660,https://en.wikipedia.org/wiki/ISO 3166-2:AI,No
Antarctica,AQ,ATA,10,https://en.wikipedia.org/wiki/ISO 3166-2:AQ,No
Antigua and Barbuda,AG,ATG,28,https://en.wikipedia.org/wiki/ISO 3166-2:AG,Yes
Argentina,AR,ARG,32,https://en.wikipedia.org/wiki/ISO 3166-2:AR,Yes
Armenia,AM,ARM,51,https://en.wikipedia.org/wiki/ISO 3166-2:AM,Yes
Aruba,AW,ABW,533,https://en.wikipedia.org/wiki/ISO 3166-2:AW,No
Australia,AU,AUS,36,https://en.wikipedia.org/wiki/ISO 3166-2:AU,Yes
Austria,AT,AUT,40,https://en.wikipedia.org/wiki/ISO 3166-2:AT,Yes
Azerbaijan,AZ,AZE,31,https://en.wikipedia.org/wiki/ISO 3166-2:AZ,Yes
Bahamas,BS,BHS,44,https://en.wikipedia.org/wiki/ISO 3166-2:BS,Yes
Bahrain,BH,BHR,48,https://en.wikipedia.org/wiki/ISO 3166-2:BH,Yes
Bangladesh,BD,BGD,50,https://en.wikipedia.org/wiki/ISO 3166-2:BD,Yes
Barbados,BB,BRB,52,https://en.wikipedia.org/wiki/ISO 3166-2:BB,Yes
Belarus,BY,BLR,112,https://en.wikipedia.org/wiki/ISO 3166-2:BY,Yes
Belgium,BE,BEL,56,https://en.wikipedia.org/wiki/ISO 3166-2:BE,Yes
Belize,BZ,BLZ,84,https://en.wikipedia.org/wiki/ISO 3166-2:BZ,Yes
Benin,BJ,BEN,204,https://en.wikipedia.org/wiki/ISO 3166-2:BJ,Yes
Bermuda,BM,BMU,60,https://en.wikipedia.org/wiki/ISO 3166-2:BM,No
Bhutan,BT,BTN,64,https://en.wikipedia.org/wiki/ISO 3166-2:BT,Yes
Bolivia (Plurinational State of),BO,BOL,68,https://en.wikipedia.org/wiki/ISO 3166-2:BO,Yes
"Bonaire, Sint Eustatius and Saba[d]",BQ,BES,535,https://en.wikipedia.org/wiki/ISO 3166-2:BQ,No
Bosnia and Herzegovina,BA,BIH,70,https://en.wikipedia.org/wiki/ISO 3166-2:BA,Yes
Botswana,BW,BWA,72,https://en.wikipedia.org/wiki/ISO 3166-2:BW,Yes
Bouvet Island,BV,BVT,74,https://en.wikipedia.org/wiki/ISO 3166-2:BV,No
Brazil,BR,BRA,76,https://en.wikipedia.org/wiki/ISO 3166-2:BR,Yes
British Indian Ocean Territory,IO,IOT,86,https://en.wikipedia.org/wiki/ISO 3166-2:IO,No
Brunei Darussalam,BN,BRN,96,https://en.wikipedia.org/wiki/ISO 3166-2:BN,Yes
Bulgaria,BG,BGR,100,https://en.wikipedia.org/wiki/ISO 3166-2:BG,Yes
Burkina Faso,BF,BFA,854,https://en.wikipedia.org/wiki/ISO 3166-2:BF,Yes
Burundi,BI,BDI,108,https://en.wikipedia.org/wiki/ISO 3166-2:BI,Yes
Cabo Verde,CV,CPV,132,https://en.wikipedia.org/wiki/ISO 3166-2:CV,Yes
Cambodia,KH,KHM,116,https://en.wikipedia.org/wiki/ISO 3166-2:KH,Yes
Cameroon,CM,CMR,120,https://en.wikipedia.org/wiki/ISO 3166-2:CM,Yes
Canada,CA,CAN,124,https://en.wikipedia.org/wiki/ISO 3166-2:CA,Yes
Cayman Islands,KY,CYM,136,https://en.wikipedia.org/wiki/ISO 3166-2:KY,No
Central African Republic,CF,CAF,140,https://en.wikipedia.org/wiki/ISO 3166-2:CF,Yes
Chad,TD,TCD,148,https://en.wikipedia.org/wiki/ISO 3166-2:TD,Yes
Chile,CL,CHL,152,https://en.wikipedia.org/wiki/ISO 3166-2:CL,Yes
China,CN,CHN,156,https://en.wikipedia.org/wiki/ISO 3166-2:CN,Yes
Christmas Island,CX,CXR,162,https://en.wikipedia.org/wiki/ISO 3166-2:CX,No
Cocos (Keeling) Islands,CC,CCK,166,https://en.wikipedia.org/wiki/ISO 3166-2:CC,No
Colombia,CO,COL,170,https://en.wikipedia.org/wiki/ISO 3166-2:CO,Yes
Comoros,KM,COM,174,https://en.wikipedia.org/wiki/ISO 3166-2:KM,Yes
Congo,CG,COG,178,https://en.wikipedia.org/wiki/ISO 3166-2:CG,Yes
"Congo, Democratic Republic of the",CD,COD,180,https://en.wikipedia.org/wiki/ISO 3166-2:CD,Yes
Cook Islands,CK,COK,184,https://en.wikipedia.org/wiki/ISO 3166-2:CK,No
Costa Rica,CR,CRI,188,https://en.wikipedia.org/wiki/ISO 3166-2:CR,Yes
Côte d'Ivoire,CI,CIV,384,https://en.wikipedia.org/wiki/ISO 3166-2:CI,Yes
Croatia,HR,HRV,191,https://en.wikipedia.org/wiki/ISO 3166-2:HR,Yes
Cuba,CU,CUB,192,https://en.wikipedia.org/wiki/ISO 3166-2:CU,Yes
Curaçao,CW,CUW,531,https://en.wikipedia.org/wiki/ISO 3166-2:CW,No
Cyprus,CY,CYP,196,https://en.wikipedia.org/wiki/ISO 3166-2:CY,Yes
Czechia,CZ,CZE,203,https://en.wikipedia.org/wiki/ISO 3166-2:CZ,Yes
Denmark,DK,DNK,208,https://en.wikipedia.org/wiki/ISO 3166-2:DK,Yes
Djibouti,DJ,DJI,262,https://en.wikipedia.org/wiki/ISO 3166-2:DJ,Yes
Dominica,DM,DMA,212,https://en.wikipedia.org/wiki/ISO 3166-2:DM,Yes
Dominican Republic,DO,DOM,214,https://en.wikipedia.org/wiki/ISO 3166-2:DO,Yes
Ecuador,EC,ECU,218,https://en.wikipedia.org/wiki/ISO 3166-2:EC,Yes
Egypt,EG,EGY,818,https://en.wikipedia.org/wiki/ISO 3166-2:EG,Yes
El Salvador,SV,SLV,222,https://en.wikipedia.org/wiki/ISO 3166-2:SV,Yes
Equatorial Guinea,GQ,GNQ,226,https://en.wikipedia.org/wiki/ISO 3166-2:GQ,Yes
Eritrea,ER,ERI,232,https://en.wikipedia.org/wiki/ISO 3166-2:ER,Yes
Estonia,EE,EST,233,https://en.wikipedia.org/wiki/ISO 3166-2:EE,Yes
Eswatini,SZ,SWZ,748,https://en.wikipedia.org/wiki/ISO 3166-2:SZ,Yes
Ethiopia,ET,ETH,231,https://en.wikipedia.org/wiki/ISO 3166-2:ET,Yes
Falkland Islands (Malvinas),FK,FLK,238,https://en.wikipedia.org/wiki/ISO 3166-2:FK,No
Faroe Islands,FO,FRO,234,https://en.wikipedia.org/wiki/ISO 3166-2:FO,No
Fiji,FJ,FJI,242,https://en.wikipedia.org/wiki/ISO 3166-2:FJ,Yes
Finland,FI,FIN,246,https://en.wikipedia.org/wiki/ISO 3166-2:FI,Yes
France,FR,FRA,250,https://en.wikipedia.org/wiki/ISO 3166-2:FR,Yes
French Guiana,GF,GUF,254,https://en.wikipedia.org/wiki/ISO 3166-2:GF,No
French Polynesia,PF,PYF,258,https://en.wikipedia.org/wiki/ISO 3166-2:PF,No
French Southern Territories,TF,ATF,260,https://en.wikipedia.org/wiki/ISO 3166-2:TF,No
Gabon,GA,GAB,266,https://en.wikipedia.org/wiki/ISO 3166-2:GA,Yes
Gambia,GM,GMB,270,https://en.wikipedia.org/wiki/ISO 3166-2:GM,Yes
Georgia,GE,GEO,268,https://en.wikipedia.org/wiki/ISO 3166-2:GE,Yes
Germany,DE,DEU,276,https://en.wikipedia.org/wiki/ISO 3166-2:DE,Yes
Ghana,GH,GHA,288,https://en.wikipedia.org/wiki/ISO 3166-2:GH,Yes
Gibraltar,GI,GIB,292,https://en.wikipedia.org/wiki/ISO 3166-2:GI,No
Greece,GR,GRC,300,https://en.wikipedia.org/wiki/ISO 3166-2:GR,Yes
Greenland,GL,GRL,304,https://en.wikipedia.org/wiki/ISO 3166-2:GL,No
Grenada,GD,GRD,308,https://en.wikipedia.org/wiki/ISO 3166-2:GD,Yes
Guadeloupe,GP,GLP,312,https://en.wikipedia.org/wiki/ISO 3166-2:GP,No
Guam,GU,GUM,316,https://en.wikipedia.org/wiki/ISO 3166-2:GU,No
Guatemala,GT,GTM,320,https://en.wikipedia.org/wiki/ISO 3166-2:GT,Yes
Guernsey,GG,GGY,831,https://en.wikipedia.org/wiki/ISO 3166-2:GG,No
Guinea,GN,GIN,324,https://en.wikipedia.org/wiki/ISO 3166-2:GN,Yes
Guinea-Bissau,GW,GNB,624,https://en.wikipedia.org/wiki/ISO 3166-2:GW,Yes
Guyana,GY,GUY,328,https://en.wikipedia.org/wiki/ISO 3166-2:GY,Yes
Haiti,HT,HTI,332,https://en.wikipedia.org/wiki/ISO 3166-2:HT,Yes
Heard Island and McDonald Islands,HM,HMD,334,https://en.wikipedia.org/wiki/ISO 3166-2:HM,No
Holy See,VA,VAT,336,https://en.wikipedia.org/wiki/ISO 3166-2:VA,Yes
Honduras,HN,HND,340,https://en.wikipedia.org/wiki/ISO 3166-2:HN,Yes
Hong Kong,HK,HKG,344,https://en.wikipedia.org/wiki/ISO 3166-2:HK,No
Hungary,HU,HUN,348,https://en.wikipedia.org/wiki/ISO 3166-2:HU,Yes
Iceland,IS,ISL,352,https://en.wikipedia.org/wiki/ISO 3166-2:IS,Yes
India,IN,IND,356,https://en.wikipedia.org/wiki/ISO 3166-2:IN,Yes
Indonesia,ID,IDN,360,https://en.wikipedia.org/wiki/ISO 3166-2:ID,Yes
Iran (Islamic Republic of),IR,IRN,364,https://en.wikipedia.org/wiki/ISO 3166-2:IR,Yes
Iraq,IQ,IRQ,368,https://en.wikipedia.org/wiki/ISO 3166-2:IQ,Yes
Ireland,IE,IRL,372,https://en.wikipedia.org/wiki/ISO 3166-2:IE,Yes
Isle of Man,IM,IMN,833,https://en.wikipedia.org/wiki/ISO 3166-2:IM,No
Israel,IL,ISR,376,https://en.wikipedia.org/wiki/ISO 3166-2:IL,Yes
Italy,IT,ITA,380,https://en.wikipedia.org/wiki/ISO 3166-2:IT,Yes
Jamaica,JM,JAM,388,https://en.wikipedia.org/wiki/ISO 3166-2:JM,Yes
Japan,JP,JPN,392,https://en.wikipedia.org/wiki/ISO 3166-2:JP,Yes
Jersey,JE,JEY,832,https://en.wikipedia.org/wiki/ISO 3166-2:JE,No
Jordan,JO,JOR,400,https://en.wikipedia.org/wiki/ISO 3166-2:JO,Yes
Kazakhstan,KZ,KAZ,398,https://en.wikipedia.org/wiki/ISO 3166-2:KZ,Yes
Kenya,KE,KEN,404,https://en.wikipedia.org/wiki/ISO 3166-2:KE,Yes
Kiribati,KI,KIR,296,https://en.wikipedia.org/wiki/ISO 3166-2:KI,Yes
Korea (Democratic People's Republic of),KP,PRK,408,https://en.wikipedia.org/wiki/ISO 3166-2:KP,Yes
"Korea, Republic of",KR,KOR,410,https://en.wikipedia.org/wiki/ISO 3166-2:KR,Yes
Kuwait,KW,KWT,414,https://en.wikipedia.org/wiki/ISO 3166-2:KW,Yes
Kyrgyzstan,KG,KGZ,417,https://en.wikipedia.org/wiki/ISO 3166-2:KG,Yes
Lao People's Democratic Republic,LA,LAO,418,https://en.wikipedia.org/wiki/ISO 3166-2:LA,Yes
Latvia,LV,LVA,428,https://en.wikipedia.org/wiki/ISO 3166-2:LV,Yes
Lebanon,LB,LBN,422,https://en.wikipedia.org/wiki/ISO 3166-2:LB,Yes
Lesotho,LS,LSO,426,https://en.wikipedia.org/wiki/ISO 3166-2:LS,Yes
Liberia,LR,LBR,430,https://en.wikipedia.org/wiki/ISO 3166-2:LR,Yes
Libya,LY,LBY,434,https://en.wikipedia.org/wiki/ISO 3166-2:LY,Yes
Liechtenstein,LI,LIE,438,https://en.wikipedia.org/wiki/ISO 3166-2:LI,Yes
Lithuania,LT,LTU,440,https://en.wikipedia.org/wiki/ISO 3166-2:LT,Yes
Luxembourg,LU,LUX,442,https://en.wikipedia.org/wiki/ISO 3166-2:LU,Yes
Macao,MO,MAC,446,https://en.wikipedia.org/wiki/ISO 3166-2:MO,No
Madagascar,MG,MDG,450,https://en.wikipedia.org/wiki/ISO 3166-2:MG,Yes
Malawi,MW,MWI,454,https://en.wikipedia.org/wiki/ISO 3166-2:MW,Yes
Malaysia,MY,MYS,458,https://en.wikipedia.org/wiki/ISO 3166-2:MY,Yes
Maldives,MV,MDV,462,https://en.wikipedia.org/wiki/ISO 3166-2:MV,Yes
Mali,ML,MLI,466,https://en.wikipedia.org/wiki/ISO 3166-2:ML,Yes
Malta,MT,MLT,470,https://en.wikipedia.org/wiki/ISO 3166-2:MT,Yes
Marshall Islands,MH,MHL,584,https://en.wikipedia.org/wiki/ISO 3166-2:MH,Yes
Martinique,MQ,MTQ,474,https://en.wikipedia.org/wiki/ISO 3166-2:MQ,No
Mauritania,MR,MRT,478,https://en.wikipedia.org/wiki/ISO 3166-2:MR,Yes
Mauritius,MU,MUS,480,https://en.wikipedia.org/wiki/ISO 3166-2:MU,Yes
Mayotte,YT,MYT,175,https://en.wikipedia.org/wiki/ISO 3166-2:YT,No
Mexico,MX,MEX,484,https://en.wikipedia.org/wiki/ISO 3166-2:MX,Yes
Micronesia (Federated States of),FM,FSM,583,https://en.wikipedia.org/wiki/ISO 3166-2:FM,Yes
"Moldova, Republic of",MD,MDA,498,https://en.wikipedia.org/wiki/ISO 3166-2:MD,Yes
Monaco,MC,MCO,492,https://en.wikipedia.org/wiki/ISO 3166-2:MC,Yes
Mongolia,MN,MNG,496,https://en.wikipedia.org/wiki/ISO 3166-2:MN,Yes
Montenegro,ME,MNE,499,https://en.wikipedia.org/wiki/ISO 3166-2:ME,Yes
Montserrat,MS,MSR,500,https://en.wikipedia.org/wiki/ISO 3166-2:MS,No
Morocco,MA,MAR,504,https://en.wikipedia.org/wiki/ISO 3166-2:MA,Yes
Mozambique,MZ,MOZ,508,https://en.wikipedia.org/wiki/ISO 3166-2:MZ,Yes
Myanmar,MM,MMR,104,https://en.wikipedia.org/wiki/ISO 3166-2:MM,Yes
Namibia,,NAM,516,https://en.wikipedia.org/wiki/ISO 3166-2:NA,Yes
Nauru,NR,NRU,520,https://en.wikipedia.org/wiki/ISO 3166-2:NR,Yes
Nepal,NP,NPL,524,https://en.wikipedia.org/wiki/ISO 3166-2:NP,Yes
Netherlands,NL,NLD,528,https://en.wikipedia.org/wiki/ISO 3166-2:NL,Yes
New Caledonia,NC,NCL,540,https://en.wikipedia.org/wiki/ISO 3166-2:NC,No
New Zealand,NZ,NZL,554,https://en.wikipedia.org/wiki/ISO 3166-2:NZ,Yes
Nicaragua,NI,NIC,558,https://en.wikipedia.org/wiki/ISO 3166-2:NI,Yes
Niger,NE,NER,562,https://en.wikipedia.org/wiki/ISO 3166-2:NE,Yes
Nigeria,NG,NGA,566,https://en.wikipedia.org/wiki/ISO 3166-2:NG,Yes
Niue,NU,NIU,570,https://en.wikipedia.org/wiki/ISO 3166-2:NU,No
Norfolk Island,NF,NFK,574,https://en.wikipedia.org/wiki/ISO 3166-2:NF,No
North Macedonia,MK,MKD,807,https://en.wikipedia.org/wiki/ISO 3166-2:MK,Yes
Northern Mariana Islands,MP,MNP,580,https://en.wikipedia.org/wiki/ISO 3166-2:MP,No
Norway,NO,NOR,578,https://en.wikipedia.org/wiki/ISO 3166-2:NO,Yes
Oman,OM,OMN,512,https://en.wikipedia.org/wiki/ISO 3166-2:OM,Yes
Pakistan,PK,PAK,586,https://en.wikipedia.org/wiki/ISO 3166-2:PK,Yes
Palau,PW,PLW,585,https://en.wikipedia.org/wiki/ISO 3166-2:PW,Yes
"Palestine, State of",PS,PSE,275,https://en.wikipedia.org/wiki/ISO 3166-2:PS,No
Panama,PA,PAN,591,https://en.wikipedia.org/wiki/ISO 3166-2:PA,Yes
Papua New Guinea,PG,PNG,598,https://en.wikipedia.org/wiki/ISO 3166-2:PG,Yes
Paraguay,PY,PRY,600,https://en.wikipedia.org/wiki/ISO 3166-2:PY,Yes
Peru,PE,PER,604,https://en.wikipedia.org/wiki/ISO 3166-2:PE,Yes
Philippines,PH,PHL,608,https://en.wikipedia.org/wiki/ISO 3166-2:PH,Yes
Pitcairn,PN,PCN,612,https://en.wikipedia.org/wiki/ISO 3166-2:PN,No
Poland,PL,POL,616,https://en.wikipedia.org/wiki/ISO 3166-2:PL,Yes
Portugal,PT,PRT,620,https://en.wikipedia.org/wiki/ISO 3166-2:PT,Yes
Puerto Rico,PR,PRI,630,https://en.wikipedia.org/wiki/ISO 3166-2:PR,No
Qatar,QA,QAT,634,https://en.wikipedia.org/wiki/ISO 3166-2:QA,Yes
Réunion,RE,REU,638,https://en.wikipedia.org/wiki/ISO 3166-2:RE,No
Romania,RO,ROU,642,https://en.wikipedia.org/wiki/ISO 3166-2:RO,Yes
Russian Federation,RU,RUS,643,https://en.wikipedia.org/wiki/ISO 3166-2:RU,Yes
Rwanda,RW,RWA,646,https://en.wikipedia.org/wiki/ISO 3166-2:RW,Yes
Saint Barthélemy,BL,BLM,652,https://en.wikipedia.org/wiki/ISO 3166-2:BL,No
"Saint Helena, Ascension and Tristan da Cunha[e]",SH,SHN,654,https://en.wikipedia.org/wiki/ISO 3166-2:SH,No
Saint Kitts and Nevis,KN,KNA,659,https://en.wikipedia.org/wiki/ISO 3166-2:KN,Yes
Saint Lucia,LC,LCA,662,https://en.wikipedia.org/wiki/ISO 3166-2:LC,Yes
Saint Martin (French part),MF,MAF,663,https://en.wikipedia.org/wiki/ISO 3166-2:MF,No
Saint Pierre and Miquelon,PM,SPM,666,https://en.wikipedia.org/wiki/ISO 3166-2:PM,No
Saint Vincent and the Grenadines,VC,VCT,670,https://en.wikipedia.org/wiki/ISO 3166-2:VC,Yes
Samoa,WS,WSM,882,https://en.wikipedia.org/wiki/ISO 3166-2:WS,Yes
San Marino,SM,SMR,674,https://en.wikipedia.org/wiki/ISO 3166-2:SM,Yes
Sao Tome and Principe,ST,STP,678,https://en.wikipedia.org/wiki/ISO 3166-2:ST,Yes
Saudi Arabia,SA,SAU,682,https://en.wikipedia.org/wiki/ISO 3166-2:SA,Yes
Senegal,SN,SEN,686,https://en.wikipedia.org/wiki/ISO 3166-2:SN,Yes
Serbia,RS,SRB,688,https://en.wikipedia.org/wiki/ISO 3166-2:RS,Yes
Seychelles,SC,SYC,690,https://en.wikipedia.org/wiki/ISO 3166-2:SC,Yes
Sierra Leone,SL,SLE,694,https://en.wikipedia.org/wiki/ISO 3166-2:SL,Yes
Singapore,SG,SGP,702,https://en.wikipedia.org/wiki/ISO 3166-2:SG,Yes
Sint Maarten (Dutch part),SX,SXM,534,https://en.wikipedia.org/wiki/ISO 3166-2:SX,No
Slovakia,SK,SVK,703,https://en.wikipedia.org/wiki/ISO 3166-2:SK,Yes
Slovenia,SI,SVN,705,https://en.wikipedia.org/wiki/ISO 3166-2:SI,Yes
Solomon Islands,SB,SLB,90,https://en.wikipedia.org/wiki/ISO 3166-2:SB,Yes
Somalia,SO,SOM,706,https://en.wikipedia.org/wiki/ISO 3166-2:SO,Yes
South Africa,ZA,ZAF,710,https://en.wikipedia.org/wiki/ISO 3166-2:ZA,Yes
South Georgia and the South Sandwich Islands,GS,SGS,239,https://en.wikipedia.org/wiki/ISO 3166-2:GS,No
South Sudan,SS,SSD,728,https://en.wikipedia.org/wiki/ISO 3166-2:SS,Yes
Spain,ES,ESP,724,https://en.wikipedia.org/wiki/ISO 3166-2:ES,Yes
Sri Lanka,LK,LKA,144,https://en.wikipedia.org/wiki/ISO 3166-2:LK,Yes
Sudan,SD,SDN,729,https://en.wikipedia.org/wiki/ISO 3166-2:SD,Yes
Suriname,SR,SUR,740,https://en.wikipedia.org/wiki/ISO 3166-2:SR,Yes
Svalbard and Jan Mayen[f],SJ,SJM,744,https://en.wikipedia.org/wiki/ISO 3166-2:SJ,No
Sweden,SE,SWE,752,https://en.wikipedia.org/wiki/ISO 3166-2:SE,Yes
Switzerland,CH,CHE,756,https://en.wikipedia.org/wiki/ISO 3166-2:CH,Yes
Syrian Arab Republic,SY,SYR,760,https://en.wikipedia.org/wiki/ISO 3166-2:SY,Yes
"Taiwan, Province of China",TW,TWN,158,https://en.wikipedia.org/wiki/ISO 3166-2:TW[g],No
Tajikistan,TJ,TJK,762,https://en.wikipedia.org/wiki/ISO 3166-2:TJ,Yes
"Tanzania, United Republic of",TZ,TZA,834,https://en.wikipedia.org/wiki/ISO 3166-2:TZ,Yes
Thailand,TH,THA,764,https://en.wikipedia.org/wiki/ISO 3166-2:TH,Yes
Timor-Leste,TL,TLS,626,https://en.wikipedia.org/wiki/ISO 3166-2:TL,Yes
Togo,TG,TGO,768,https://en.wikipedia.org/wiki/ISO 3166-2:TG,Yes
Tokelau,TK,TKL,772,https://en.wikipedia.org/wiki/ISO 3166-2:TK,No
Tonga,TO,TON,776,https://en.wikipedia.org/wiki/ISO 3166-2:TO,Yes
Trinidad and Tobago,TT,TTO,780,https://en.wikipedia.org/wiki/ISO 3166-2:TT,Yes
Tunisia,TN,TUN,788,https://en.wikipedia.org/wiki/ISO 3166-2:TN,Yes
Turkey,TR,TUR,792,https://en.wikipedia.org/wiki/ISO 3166-2:TR,Yes
Turkmenistan,TM,TKM,795,https://en.wikipedia.org/wiki/ISO 3166-2:TM,Yes
Turks and Caicos Islands,TC,TCA,796,https://en.wikipedia.org/wiki/ISO 3166-2:TC,No
Tuvalu,TV,TUV,798,https://en.wikipedia.org/wiki/ISO 3166-2:TV,Yes
Uganda,UG,UGA,800,https://en.wikipedia.org/wiki/ISO 3166-2:UG,Yes
Ukraine,UA,UKR,804,https://en.wikipedia.org/wiki/ISO 3166-2:UA,Yes
United Arab Emirates,AE,ARE,784,https://en.wikipedia.org/wiki/ISO 3166-2:AE,Yes
United Kingdom of Great Britain and Northern Ireland,GB,GBR,826,https://en.wikipedia.org/wiki/ISO 3166-2:GB,Yes
United States of America,US,USA,840,https://en.wikipedia.org/wiki/ISO 3166-2:US,Yes
United States Minor Outlying Islands[h],UM,UMI,581,https://en.wikipedia.org/wiki/ISO 3166-2:UM,No
Uruguay,UY,URY,858,https://en.wikipedia.org/wiki/ISO 3166-2:UY,Yes
Uzbekistan,UZ,UZB,860,https://en.wikipedia.org/wiki/ISO 3166-2:UZ,Yes
Vanuatu,VU,VUT,548,https://en.wikipedia.org/wiki/ISO 3166-2:VU,Yes
Venezuela (Bolivarian Republic of),VE,VEN,862,https://en.wikipedia.org/wiki/ISO 3166-2:VE,Yes
Viet Nam,VN,VNM,704,https://en.wikipedia.org/wiki/ISO 3166-2:VN,Yes
Virgin Islands (British),VG,VGB,92,https://en.wikipedia.org/wiki/ISO 3166-2:VG,No
Virgin Islands (U.S.),VI,VIR,850,https://en.wikipedia.org/wiki/ISO 3166-2:VI,No
Wallis and Futuna,WF,WLF,876,https://en.wikipedia.org/wiki/ISO 3166-2:WF,No
Western Sahara,EH,ESH,732,https://en.wikipedia.org/wiki/ISO 3166-2:EH,No
Yemen,YE,YEM,887,https://en.wikipedia.org/wiki/ISO 3166-2:YE,Yes
Zambia,ZM,ZMB,894,https://en.wikipedia.org/wiki/ISO 3166-2:ZM,Yes
Zimbabwe,ZW,ZWE,716,https://en.wikipedia.org/wiki/ISO 3166-2:ZW,Yes
